/*
SQLyog 企业版 - MySQL GUI v8.14 
MySQL - 5.6.22-log : Database - hospital
*********************************************************************
*/

/*!40101 SET NAMES utf8 */;

/*!40101 SET SQL_MODE=''*/;

/*!40014 SET @OLD_UNIQUE_CHECKS=@@UNIQUE_CHECKS, UNIQUE_CHECKS=0 */;
/*!40014 SET @OLD_FOREIGN_KEY_CHECKS=@@FOREIGN_KEY_CHECKS, FOREIGN_KEY_CHECKS=0 */;
/*!40101 SET @OLD_SQL_MODE=@@SQL_MODE, SQL_MODE='NO_AUTO_VALUE_ON_ZERO' */;
/*!40111 SET @OLD_SQL_NOTES=@@SQL_NOTES, SQL_NOTES=0 */;
CREATE DATABASE /*!32312 IF NOT EXISTS*/`hospital` /*!40100 DEFAULT CHARACTER SET utf8 */;

USE `hospital`;

/*Table structure for table `department` */

DROP TABLE IF EXISTS `department`;

CREATE TABLE `department` (
  `DepartmentId` int(11) NOT NULL AUTO_INCREMENT,
  `DepartmentName` varchar(20) DEFAULT NULL,
  `DepartmentRecommend` varchar(2000) DEFAULT NULL,
  `photoDepartment` varchar(50) DEFAULT NULL,
  PRIMARY KEY (`DepartmentId`)
) ENGINE=InnoDB AUTO_INCREMENT=51 DEFAULT CHARSET=utf8;

/*Data for the table `department` */

insert  into `department`(`DepartmentId`,`DepartmentName`,`DepartmentRecommend`,`photoDepartment`) values (1,'内科学系','北京协和医院内科学系自1921年建院之初即成立。经过近百年的传承及发展，目前内科学系下属包括了心脏内科、呼吸内科、消化内科、肾脏内科、血液内科、风湿免疫内科、感染内科、普通内科、肿瘤内科、老年医学科、内分泌科、内科重症监护病房共12个科室，成为了全国各种内科疑难危重疾病的诊治中心。协和内科以其严格而规范的住院医师、总住院医师轮转培训以及三级医师查房制度而闻名，由此培养出了一批又一批的内科大家。历代协和人始终在以严谨求精的态度尽力为每一位住院患者解除病痛。','static/images/Departments1.png'),(2,'心内科','协和医院心内科具有悠久的历史。早在中华人民共和国成立初期，由黄宛教授和方圻教授组建了协和医院内科心组，率先在国内开展了心血管专科的临床和研究工作。50年代初期，黄宛教授等从修复三导联的弦线心电图机开始到制造出十二导联心电图机，为心电图在我国的普及做出了巨大的贡献。50年代末期，在黄宛和方圻教授的领导下，心组在国内率先开展了右心导管和血液动力学监测。在1958年北京阜外医院成立初期，黄宛、方圻、陈在嘉、吴宁教授等由协和医院心组调往阜外医院，为我国第一家心血管专科医院的创立做出了贡献','static/images/Department2.jpg'),(3,'呼吸内科','北京协和医院呼吸内科是由我国已故著名呼吸病学专家——朱贵卿教授创建的、具有悠久历史的学科专业。作为我国最早成立的呼吸科专业科室之一，北京协和医院呼吸内科是我国一流的呼吸科学临床和研究中心及呼吸疑难病诊治中心，拥有众多的我国呼吸专业的老前辈或知名教授。协和呼吸科目前包括11个分组，分别为慢性阻塞性肺疾病组、睡眠呼吸障碍组、间质性肺病组、肺癌中心、肺栓塞与肺血管疾病组、哮喘组、危重症医学组、感染组、介入组、呼吸治疗组和控烟组。呼吸科目前在职医生共有33人，包括主任医师10人，副主任医师10人和主治医师13人。徐作军教授领导的多科协助诊治的间质性肺病组，王孟昭和张力教授领导的多科协助的肺癌诊治中心、肖毅教授领导的呼吸睡眠中心，以及施举红和徐凯峰教授领导的肺血管疾病组具有完整的团队构成，也是科室目前的特色。','static/images/Department3.jpg'),(4,'消化内科','消化内科是北京协和医院成立最早的专科之一，由我国现代内科学泰斗张孝骞教授和著名消化病专家陈敏章教授亲自领导和培育起来。经历了几代人的艰辛努力，消化内科已发展成为在国内外均很有影响的重点学科。消化内科的亚专业齐全、人才济济、临床和实验室技术实力雄厚，是一个高水平的消化病学、内镜学以及疑难重症的诊治中心。科内设有高水平的、面向全国的炎症性肠病和胰腺疾病诊治中心、消化内镜培训中心以及胃肠功能和动力疾病诊治中心。','static/images/Department4.jpg'),(5,'肾内科','1979年，肾脏病学在中国作为一个崭新的学科才刚刚起步,毕增祺教授有远见的创立了北京协和医院内科肾脏病专业组，成为中国最早的肾脏内科之一。1980年起建立了协和肾脏病实验室和血液透析室。九十年代初期，一批年轻学者从海外学成归来，为协和肾脏病专业的临床、教学和科研注入了新的活力和发展契机。1993年北京协和医院内科各专业组改称为“学科”，肾脏病专业组更名为肾脏病科，同时成立了血液净化中心。90年代后期，多位博士、硕士研究生毕业，并相继赴美国、欧洲、澳大利亚和日本完成博士后训练或进修归来，使得协和肾内科更具生机和活力。经过近40年艰苦创业，协和肾内科已逐步发展成为现代化的肾脏病诊疗中心，包括肾脏病门诊、病房、血液净化中心和肾脏病实验室。在全院各科室密切配合下，我科在日常工作、高干保健，外宾治疗及出国医疗会诊等各方面完成大量工作，并在复杂病例的诊治和重症患者的抢救中具有丰富经验，在业界得到一致肯定。','static/images/Department5.jpg'),(6,'血液内科','北京协和医院血液科具有悠久的历史，是我国现代血液学的先驱者，也是我国培养血液学专业人才的最早基地。1932年北京协和医学院内科率先在我国建立了第一个血液学专业实验室，并于1934年建立血液内科专业组。1980年成立大内科建制下的血液内科。1981年经教育部批准为博士生培养基地。1990年被国家教委认定为血液学国家重点学科点（与医科院血液学研究所联合）。1992年成为博士后流动站。2006年被卫生部及北京市批准为首批血液内科专科医师培训基地。2011年，被批准为卫生部首批临床重点学科。','static/images/Department6.jpg'),(7,'风湿免疫科','北京协和医院风湿免疫科作为我国风湿学病专业发展与人才培养的最早基地之一，自1980年建科历经三十七年风雨，集医疗、科研、教学为一体，不断提高风湿病学诊断治疗水平，推动国内风湿病学的发展。我科树立了以科研为龙头，教学为基础，医疗为根本的发展理念开展工作。目前全科46人，其中老专家3人，现有国家人事部留学归国人员科研基金（包括海外）获得者4人，政府特贴专家人3人，主任医师11人，博士生导师12人，副主任医师10人，硕士生导师12人，高级职称24人，中级15人，以及各类专业技术人员22人。临床40岁以下的青年医师中100％具有博士学位，80%具有在西方发达国家实验室工作进修的经历。目前有10位在全国学会任职包括中华医学会风湿病学分会主任委员、侯任主任委员以及中国医师协会风湿免疫科医师分会会长、副会长等，北京医学会任职10人。我科年门诊量超过13万人次，床位68张，为全国各地的危重疑难风湿病人服务。',NULL),(8,'感染内科','北京协和医院感染科是北京协和医院最早成立的科室之一，在老一批传染病专家的传承带领下，感染科历届主任李邦琦、王爱霞、盛瑞媛、邓国华、李太生等人经历历史的洗礼变迁，一直以我国传染病和感染性疾病的防控为己任，带领着全体感染科成员通力合作，在我国各个时期的感染性疾病特别是传染病的诊治和控制中发挥了重要作用。目前北京协和医院感染科已成为国内一家集医疗、科研、预防和人才培养的国家级传染病的医疗诊治、医学教育和医学研究中心。北京协和医院感染科是感染性疾病博士学位授予点、卫生部临床重点学科、国家级感染性疾病继续教育基地、国家级传染病药物临床试验基地和国家级艾滋病综合防治示范区培训基地。',NULL),(9,'普通内科','北京协和医院普通内科的建立起始于美国纽约中华医学基金会项目“面向21世纪建设高质量、低成本的中国学术性城市医疗卫生体系的计划”。2001年4月，北京协和医院在院领导的支持下，在内科学系统一协调下，成立了综合内科病房，制定了多学科联合查房制度。2004年3月，内科学系独立三级学科－－普通内科(Division of General Internal Medicine,DGIM)在北京协和医院率先成立。作为国内第一个集医教研为一体的学术性普通内科，为不同患者人群提供多层次的医疗服务.科室特色门诊包括痛风专病门诊：为痛风患者进行诊断和药物治疗，同时注重长期随诊和非药物干预。普内全科门诊：面向东城等邻近社区开放，预约转诊患者，满足社区患者分级诊疗的需要。普内疑难病门诊：在兄弟科室的支持下，成为北京协和医院的内科疑难病诊治平台，成功诊治了来自全国各地的大量疑难病、罕见病患者。',NULL),(10,'肿瘤内科','北京协和医院肿瘤内科是国家卫计委临床重点专科建设项目科室。现有教授2名、副教授5名、主治医师10名、研究员2名。17名医生中，博士12人、硕士5人，形成了均衡发展的人才梯队。科室现有3个病区：西院肿瘤内科一病房、肿瘤血液二病房、东院化疗日间病房与门诊化疗室。',NULL),(11,'MICU',' 北京协和医院MICU成立于2005年，隶属于协和医院内科，为一个主要收治各种内科重症患者的综合性ICU。 科室目前拥有一流的监护系统；PB、Drager、Maquet等各种类型功能配置齐全的顶级呼吸机；Braun、Alaris等各种微量泵、输液泵以及输液管理系统；可常规进行肺动脉导管、PiCCO、经食道超声心动、经胸壁超声心动等血流动力学监测；可开展CRRT、IABP、HFOV、ECMO等先进的治疗手段',NULL),(12,'内分泌科','北京协和医院内分泌科的发展是伴随着北京协和医院的历史脚步而前行的。1921年，北京协和医院正式落成。而二十年代中叶起北京协和医院内科即仿照美国哈佛大学医学院附属麻省总医院，成立代谢病房，进行内分泌代谢疾病的临床研究。',NULL),(13,'肠外肠内营养科','北京协和医院肠外肠内营养科成立于2006年，是协和医院“年轻”的专业组之一。其前身――“肠外肠内营养中心”却拥有雄厚的基础和悠久的临床及研究历史。20世纪60年代曾宪九教授探索试用静脉营养，随后蒋朱明教授等前辈建立外科代谢与营养实验室，并逐渐开展静脉输注营养液后氮平衡变化、总体液、细胞外液、血浆、血细胞容量与电解质平衡，以及其它营养代谢相关研究，先后两次获得国家科技进步二等奖。（此时期归属并记载于基本外科营养代谢组发展历史）。目前科室的主要亮点，在静脉输注途径建立、肠内营养输注途径建立、肠外肠内营养基础与临床应用方面，均居国内前列。',NULL),(14,'重症医学科（ICU）','中国重症医学的发展起步自1980年代。1982年，以陈德昌教授为首的医学大师的带领下，北京协和医院在全国率先建立了具有重症医学内涵的加强医疗科。自此中国重症医学进入萌芽和早期发展的阶段，重症医学在国内主要医学中心形成雏形，但尚未得到足够重视，学科发展上还未形成独立的专业，从业医师职称晋升仍需从其他专科途径完成重症呼吸方面重点在急性呼吸窘迫综合征的基础与临床、心肺间关联与交互影响的研究与临床应用。从呼吸力学的应力应变入手，到循环保护性机械通气策略到提出与应用，临床医疗得到了极大的发展。重症肾脏不仅包括了血液净化，而且在急性肾损伤研究及临床应用方面实现了精确管理。重症超声在对重症的快速评估、指导治疗等方面已经 起到了重要的、不可替代的作用。凡此种种，重症医学各专业齐头并进，百花争艳。 ',NULL),(15,'儿科','北京协和医院儿科成立于北京协和医院建院之初的1921年，孕育了中国儿科发展的奠基人和多位儿科大家，是中国现代儿科的发祥地。经过几代人的不懈努力，逐渐发展成为提供全方位医疗服务的综合性儿科。发挥协和医院作为国家卫生计生委指定的全国疑难重症诊治指导中心的整体优势，协和儿科在早产儿、遗传病以及疑难疾病诊治等方面，在国内儿科系统享有盛誉。',NULL),(16,'神经科','北京协和医院神经科成立于1921年，历经90余载风雨，已经成为全国久负盛名的神经专科，是国内最早的神经病学专业博士、硕士学位授予点及博士后工作站之一。在处理和解决疑难杂症和重症方面处于国内领先地位 。现拥有11个专业组（临床神经生理、脑电图与癫痫、痴呆与认知障碍、脑血管病、帕金森及运动障碍、神经病理、神经肌肉病、感染与脑脊液细胞学、神经免疫、神经遗传和睡眠），开设9个特色门诊（神经肌肉病门诊、肌张力障碍和肉毒毒素治疗门诊、帕金森病和老年痴呆门诊、癫痫门诊、脑血管病门诊、运动神经元病、重症肌无力门诊、多发性硬化门诊和头痛门诊等），为广大患者提供高水平的医疗服务。连续6年在复旦大学专科声誉排行榜上名列神经内科专科声誉第一名。',NULL),(17,'心理医学科','北京协和医院心理医学科是在北京协和医院心理生理中心的基础上重组成立的。科室重组成立于2006年5月。我科采用心身医学的理念，心理治疗与药物治疗结合。为受心理或情绪困扰的来访者、为因心理疾病产生情绪问题或身体的功能性症状难以缓解而苦恼的患者、为慢性或严重疾病在心理上承受折磨的患者及家属提供帮助。',NULL),(18,'皮肤科','北京协和医院皮肤科成立于1924年，是我国最早的皮肤性病学科之一。首任主任Dr. Chester N. Frazier。解放后由我国皮肤性病学奠基人之一、著名的皮肤性病学家、一级教授李洪迥担任科主任。经过近一个世纪来、几代人的不懈努力，协和医院皮肤科为我国的皮肤性病学发展做出了突出贡献。',NULL),(19,'变态反应科','北京协和医院变态反应科在历届主任张庆松、叶世泰和张宏誉教授的领导下，几十年来，在医疗、科研、教学和中华医学会变态反应学分会的创建等方面做了许多开创性的工作，对中国变态反应事业的发展做出了重要贡献。',NULL),(20,'急诊科',' 北京协和医院急诊科现拥有三十余名急诊医生和一百余名急诊护士，包括主任医师3人、副主任医师5人，博士生导师3名，硕士生导师3名，急诊专科医师35人，中青年医师占70%以上，90%以上的医生有国外培训经历； 2012年搬入新急诊大楼后，工作面积达到八千余平米，包含7个区域，分别是急诊流水诊室、急诊抢救复苏室、急诊留观室、急诊综合病房、急诊ICU，共有超过150张床位，其中有70张监护床位，承担了大量临床任务，每年急诊病人数量平均约为20万人次，日均急诊量在500-600之间。通过建立完善的分诊制度、急诊监护制度、突发事件应急预案和绿色通道等提高了工作效率，能够为病人提供更加便捷和人性化的服务，坚定地贯彻“高速度、高效率、高度责任感”的原则。',NULL),(21,'中医科','北京协和医院中医办公室成立于1955年，1961年正式命名中医科，当时由著名中西医结合专家史济招教授担任科室负责人。曾聘请北京四大名医之一施今墨，著名中医学家任应秋、陈慎吾、钱淇光、李重仁等为顾问。1979年聘请北京四大名医施今墨的入室弟子著名中医祝谌予作为中医科主任。几十年来全科以中西医结合为学科建设和发展的主要方向，开展医教研工作，培养了大批的中西医结合的骨干人才。2001年，2010年及2012年被评为北京协和医院先进集体。2002年被批准为北京市综合性医院示范中医科。2005年被批准为“十一·五”期间北京中西医结合糖尿病特色诊疗中心。2007年被批准为国家中医药管理局重点糖尿病专病建设单位。2007年被评为全国综合性医院中医药示范单位。2009年获国家中医内分泌（糖尿病）药物临床试验机构资格。2011年被评为国家临床重点专科（中医内分泌）建设项目单位。2012年被评为国家中医药管理局“十二·五”中医药重点学科建设单位。2015年顺利通过全国综合性医院中医药工作示范单位复审。',NULL),(22,'老年医学科','　老年医学科隶属于大内科，其临床医生均有7年以上的临床经验，均完成了内科各专业组和急诊的轮转学习。现有主任医师1名，副主任医师2名，主治医师6名。',NULL),(24,'外科学系','北京协和医院外科学系成立于协和建校之初，历经90余年，涌现出包括黄家驷、吴英恺、曾宪九等在内的众多医学大家及多位中国现代外科学的领军人物，技术力量雄厚，专科优势突出。外科学系包括基本外科、骨科、泌尿外科、神经外科、胸外科、心外科、血管外科、肝脏外科、乳腺外科、整形美容外科、肠外肠内营养科、麻醉科和重病医学科等13个科室，在职职工总数889人，两院院士2名，教授62名、副教授80名、主治医师132名；总床位数712张，18个病房单元；国家级临床重点专科7个、博士点8个、硕士点8个、博士生导师33名、硕士生导师61名，是国家住院医师规范化培训专业基地。在近5年复旦大学医院管理研究所公布的“中国最佳医院排行榜”及2015年北京大学国家医疗数据中心首届学科评估排行榜中，普通外科、骨科、泌尿外科、神经外科、胸外科、心外科、整形美容外科、麻醉科等科室名列前茅。','static/images/Department7.jpg'),(25,'基本外科','北京协和医院基本外科在我国医学史上有着辉煌的业绩，涌现出很多全国甚至国际闻名的医学专家，比如曾宪九、朱预、费立民、蒋朱明、钟守先、赵玉沛教授等。基本外科成立于1921年，是与我院院龄相同的核心科室之一。自20世纪80年代以来，在历任主任及学科带头人的领导下，根据基本外科的特点，在国内最早细化建立专业组：包括胰腺、胆道、胃肠、血管、乳腺、肝脏、外科营养、重症及相关临床专业实验室。经过几十年几代人的不懈努力，现拥有158张病床及2个分子生物学实验室，已成为普外领域全国疑难重症疾病的诊治中心，拥有结构合理、素质优秀的人材梯队，多名专家在中华医学会和国内外杂志担任各种领导职务','static/images/Department8.jpg'),(26,'骨科','北京协和医院骨科的前身是北平协和医学院骨科，创立于20世纪20年代，是我国一流的骨科学临床和研究中心，我国许多外科学界骨科专业的老前辈，如孟继懋教授、王桂生教授、吴之康教授、王福权教授、宋献文教授等都曾在这里执教和工作过。在前任主任、我国著名骨科学家、中华医学会骨科分会前任主任委员邱贵兴院士的带领下，协和骨科获得了教育部重点学科，卫生部重点专科等一个又一个殊荣。现任主任是中华医学会骨科分会副主任委员翁习生教授。','static/images/Department9.jpg'),(27,'心外科','北京协和医院心外科的前身是我国著名外科学家吴英恺创建于1952年的胸外科，有着十分辉煌的历史。1994年，心外科在北京协和医院成为独立的三级学科，刘晓程教授（1994-2001）、朱晓东院士（2003-2004）先后任北京协和医院心外科主任，目前科室主任为苗齐教授。科室开放床位24张。现有主任医师1名、副主任医师3名、主治医师1名、住院医师2名、灌注技师2名，在读博士1名、硕士2名。全科年门诊量约4000人次，年收治病人500余例，年体外循环下心脏直视手术350余例。非体外循环心脏手术100余台。北京协和医院心外科坚持参照最前沿的诊治理念及国际通行指南为患者提供服务，并非常重视与国内外著名心脏中心之间的学术交流。近年来，北京协和医院心脏外科与美国克莱夫兰医学中心、美国麻省总医院、意大利米兰医学中心，加拿大McGill大学医院、日本心脏研究所等世界一流医院都有固定合作和学术交流，定期互访。我科多名医生在上述心脏中心接受临床培训，并多次邀请国外著名心血管外科医生来我科进行手术演示、学术讲演等。',NULL),(28,'胸外科','二十世纪30年代起北京协和医院先后成功实施了国内第一例肺叶、全肺及左开胸贲门癌切除手术，这标志着协和胸外科的诞生，也成为中国胸外科起步的重要象征。在随后数十年中，吴英恺、黄家驷、徐乐天等一批中国胸外科的奠基人和开拓者在这里写下了辉煌的篇章。新时代的协和胸外人秉承前辈的优良传统，在医疗、科研等方面不断开拓创新、锐意进取，使协和胸外科始终位居国内先进行列，更成为国内顶尖的胸外科疑难病诊治中心。',NULL),(29,'泌尿外科','北京协和医院泌尿外科始建于二十世纪四十年代。50年代由老一辈医学家虞松庭、吴阶平、施锡恩创建了一定规模的专科。60年代至80年代刘国振、吴德诚、臧美孚等专家教授将其发展成为国内著名的泌尿外科专业科室。在协和“严谨、求精、勤奋、奉献”院训的激励下，经过几代人数十年的努力，目前已发展建设成为国内一流的具有肾上腺外科、腔道微创外科、肾移植、泌尿男生殖系肿瘤、普通泌尿外科、男科学等专业领域的科室。',NULL),(30,'神经外科','我院泌尿外科现有3个病区，病房床位数110张（普通病房92张，特需病房18张）。具备先进完备的检查、检验及治疗设施，可以进行各种泌尿外科所需的临床检查化验和治疗。除多套腹腔镜手术设备、3D腹腔镜设备、机器人腹腔镜手术系统及影像一体化手术室之外，拥有国内一流的膀胱镜检查造影设备（图1）、输尿管硬镜及软镜、经皮肾镜、2um激光、1.9um激光、钬激光、EMS 碎石机、体外震波碎石机（图2）、超声波诊断仪、影像尿动力学诊断仪（图3）、前列腺癌短距离治疗仪、性功能诊断仪、生物反馈治疗仪和先进的腔道泌尿外科诊断治疗设备。每年收治住院病人约4000例以上，年手术量约3700例次，其中疑难、复杂手术约占1/3。年门诊量已超过12万人次，年门诊手术（包括膀胱镜检查）约4000人次。为方便患者就医，门诊设有男科、结石、肿瘤等专科门诊。',NULL),(31,'血管外科','北京协和医院血管外科是中国最早开展血管外科工作的单位之一，也是目前我国最著名的血管外科疾病疑难重症诊治中心、与基本外科同获教育部临床重点学科、国家卫计委临床重点学科，是国家级和北京市血管外科继续教育基地和住院医师培训基地、血管腔内治疗技术培训基地。 北京协和医院血管外科凝聚了众多协和前辈专家们的宝贵经验，医疗水平不断提高，目前在许多疾病的治疗方面达到了国际先进水平，是国家和北京市血管腔内治疗技术培训基地。学科主要诊疗特色是： 腹主动脉瘤腔内修复、主动脉夹层腔内修复、下肢动脉硬化闭塞症的外科手术和微创治疗、颈动脉狭窄的支架治疗和颈动脉内膜切除手术，头臂动脉狭窄的介入和手术治疗，内脏动脉疾病的微创治疗，动脉和静脉血栓栓塞疾病的外科治疗，静脉曲张的微创治疗，以及血管外科各种疑难重症的综合治疗。',NULL),(32,'整形美容外科','北京协和医院整形外科始建于1952年，由中国整形外科创始人之一的宋儒耀教授担任主任。1957年整形外科脱离协和医院，历经扩建、迁移及解散。60年代末，北京协和医院恢复整形外科，仍由宋儒耀教授领衔。1979年，再次脱离协和医院，扩建为整形外科医院。为与国际接轨，提高综合实力，创建世界级水平的综合医院，北京协和医院于2003年再次恢复整形外科。目前为中华医学会整形外科分会常委及中国康复医学会修复重建外科分会常委所在单位，国家整形外科重点专科单位。现任主任王晓军教授。',NULL),(33,'乳腺外科','乳腺疾病是妇女中的常见病，乳腺癌在我国城市地区已占女性各类肿瘤发病率的首位，是严重危害广大妇女健康及生命的恶性肿瘤。北京协和医院乳腺专业组，是在 20世纪80年代由我国外科奠基人之一曾宪九教授提议，并在他的支持和帮助下成立的，黄汉源教授任专业组长。在黄汉源教授的领导下，乳腺专业组不断发展壮 大，创造了良好的社会效益和经济效益，为了更好的为病人服务和学科的发展，在医院领导的关心和支持下，2006年2月将乳腺专业组扩大为北京协和医院乳腺外科，孙强教授任主任。',NULL),(34,'肝脏外科','北京协和医院外科在老一辈外科学家曾宪九教授和钟守先教授等的领导和努力下，早在上个世纪的50年代就开展了肝脏手术，是国内开展肝脏切除手术最早的医院之一，之后在北京协和医院基本外科肝脏专业组的基础上发展到肝脏外科中心，一直到目前独立的肝脏外科，经历了半个世纪的成长过程，至今发展壮大。北京协和医院肝脏外科拥有较完善的人才梯队，现有博士生导师4名，硕士生导师3名，正教授5位，副教授5位，主治医师1位，住院医师3位，所有成员均有博士学位。多名科室成员担任《中华外科杂志》、《中华普通外科杂志》、《中国实用外科杂志》、《中华肝胆外科》、《中国医学科学院学报》、《中国临床营养杂志》等杂志主编、副主编和编委。科室开展的治疗项目包括：肝脏良恶性疾病的诊断和治疗，包括手术（开腹或腹腔镜）、化疗、介入治疗、生物治疗等在内的综合治疗；肝脏移植；腹部疑难杂症及其它相关疾病的诊治等。依托我院强大的综合诊治平台，我科成功的诊治了种肝胆系统疑难杂症，包括世界首例的肝脏原发上皮-肌上皮癌病例，各种肝胆手术的并发症发生率较低，患者术后平均住院日较短。2010年与基本外科共同入选国家卫生计生委临床重点专科建设项目。',NULL),(35,'麻醉科','北京协和医院成立于1921年，1951年开始任命赵俊、罗来葵教授等设立麻醉专业，是国内最早成立独立麻醉科室的单位之一。1984年协和麻醉科正式成为临床二级学科。1995年协和医院联合阜外医院、整形医院、肿瘤医院麻醉科成立中国协和医科大学麻醉中心，并于2002年被授予国内唯一的麻醉学专业国家高等院校重点学科。2011年被评为卫生部临床重点专科。',NULL),(36,'妇产科','中国协和医科大学妇产科学系（北京协和医院妇产科）是国家卫生部命名的林巧稚妇产科研究中心，国家级重点学科，全国妇产科疑难重症诊治中心，国家教委博士学位授予点，妇产科博士后流动站，卫生部妇产科住院医师培训基地，国家药品监督管理局妇产科药物研究基地，国家级妇产科继续教育基地 。妇产科人才济济，梯队完善，专业齐全，学科发展平衡，实验室装备精良，教学具有特色以及独特的地位与作用。',NULL),(37,'眼科','北京协和医院眼科成立于1920年，是我国最早成立的眼科。成立后许多国际一流的眼科学家曾在这里主持工作，被誉为“东方的维也纳眼科中心”。经过90年的发展，协和眼科成为专业齐全，融医、教、研为一体的眼科基地，整体水平在国内处于领先地位，一些项目达国际先进水平。协和眼科是国内首批硕士、博士学位培养点和博士后流动站，首批住院医师规范化培训基地。',NULL),(38,'耳鼻喉科','从北京协和医院建院伊始，耳鼻咽喉科已独立建科，96年来，北京协和医院耳鼻咽喉科培养了一代又一代耳鼻咽喉头颈外科学人才。我国耳鼻咽喉科学著名的专家如刘瑞华、李宝实、胡懋廉、郎健寰、张庆松、徐荫祥和林必锦等教授都曾先后在我科工作，其中很多专家先后在北京和全国各地建立了耳鼻咽喉学科。北京协和医院耳鼻咽喉科在我国耳鼻咽喉科学的发展史上做出了不可磨灭的贡献。',NULL),(39,'口腔科','1953年宋儒耀教授和王巧璋教授夫妇在原有的牙病治疗室的基础上组建了独立的口腔科，此后随着赖钦声、钱雪君、田恩顺、黄朝隽、俞家振、高孟林、文竹咸等一大批中间力量的到来，使协和医院口腔科进入了第一个快速发展期。协和医院口腔科当时在全国口腔医学界拥有很高的学术地位：宋儒耀教授时任中华口腔科杂志主编，中华医学会口腔科分会主任委员；王巧璋教授、俞家振教授曾任中华医学会口腔科分会常委、中华口腔科杂志编常委。1978年10月，王巧璋教授和宋儒耀教授招收了第一批3名研究生入学。1979年建立了口腔科实验室，开展了病理、免疫、生化等方面的科研和临床工作。口腔内科方面，王巧璋教授因其多年从事龋病病因学研究所取得的成果－“糖原学说”的建立而在十年动乱后的第一次全国科学大会上受到表彰。1983年口腔外科和内科开始广泛开展了激光治疗的临床及研究工作，1986年获电子工业部科技进步二等奖。口腔外科方面：旋髂深动静脉为蒂的游离髂骨瓣移植修复下颌骨不只在80年代，即使在21世纪的今天仍属于高、新技术；1987年开始的以颞浅动静脉为蒂的颞骨瓣修复下颌骨缺损的研究在当时也属国内首创；口腔鳞癌细胞株的分离、培养，增敏激光治疗血管瘤及恶性肿瘤的研究等也都在国内处于领先水平。在口腔粘膜疾病的研究方面也取得了一定的进展，如白斑人群普查，干燥综合征等的临床及实验室研究等。1994年口腔科与哥伦比亚大学合作建立了我国第一个牙种植中心，并首先开展了此方面的临床及基础研究工作。2002年5月以后，随着北京协和医院与邮电总医院的合并，口腔科得到了进一步的发展壮大的机会。',NULL),(41,'超声医学科','北京协和医院于1972年建立超声诊断专业组，1986年正式成立超声医学科，是中国最早建立的超声医学科之一。张缙熙教授任第一届科主任，历任主任包括程玉芳教授、姜玉新教授、戴晴教授、李建初教授（现任），其中姜玉新教授担任超声科主任达15年之久，为北京协和医院超声医学科做出了杰出的贡献。中华医学会超声医学分会的5位主任委员中就有两位来自北京协和医院超声医学科，他们是张缙熙教授及姜玉新教授，其中姜玉新教授曾连任第五届及第六届主任委员并现任第九届主任委员。姜玉新教授目前为科室学术带头人，北京协和医院党委书记，担任中华医学会超声分会主任委员、中国医师协会超声住培委员会主任委员、北京医学会超声医学专业委员会主任委员等。','static/images/Department10.jpg'),(42,'病理科','北京协和医院是一所全国大型综合性医院，是全国疑难重症诊治中心。已有80多年的历史。每天有全国各地8000多患者就诊。床位近2000张。北京协和医院病理科的前身是北京协和医学院（PUMC）病理系，是北京协和医学院建立最早的学系之一。尸检及外检工作在1916年已开始（现有档案资料证实）。八十多年来为我国及世界培养了大批人才，我国著名的病理学家，如胡正详、白希清、刘永、杨简、李铭新、王蘅文等，都出自协和，或曾在协和工作。为我国病理事业的发展作出了巨大贡献。','static/images/Department11.jpg'),(43,'检验科','北京协和医院检验科成立于1958年，是中国医学科学院·北京协和医学院检验学系所在地。现科下设微生物专业组、生化与免疫专业组、基础检验与细胞学、内分泌专业组、分子生物学专业组、西院综合组6个专业组。国内率先设立检验门诊，平均每天接诊超过40人次；积极参与临床查房，共计参百余次。按照“准确、快捷、热情”的质量方针，根据CNAS－CL02：2012《医学实验室质量和能力认可准则》（ISO15189: 2012, IDT）及CAP的技术要求建立并运行质量管理体系，于2008年通过国家合格评定认可委员会组织的专家评审并获得ISO15189认可证书；于2014年通过美国临床病理家学会（CAP）的实验室认可；近十余年来承担了自然科学基金、科技部，卫生部公益行业基金，世界卫生组织等多项科研项目；同时承担中国医学科学院·北京协和医学院硕士、博士研究生、8年制本科生和成人教育学院检验专业的教学工作及全国检验专业住院医师、实习生和进修生的培训工作。','static/images/Department12.jpg'),(44,'放射科','北京协和医院放射科已形成种类齐全、设备先进、人员梯队合理的现代医学影像学体系，自2014年以来连续3年蝉联中国医院专科声誉排行榜 放射科 第一名。北京协和医院放射科是中国最早成立的放射学科之一，曾经拥有谢志光、汪绍训、胡懋华、解毓章、李果珍、刘玉清、张铁梁等中国著名影像学家，在国内率先开展了多种放射影像诊断和治疗技术，举办过多种全国性专业学习班，为促进我国放射-影像学事业的发展和影像专业人才的培养作出了重要贡献。2001年通过国家教委评审成为国家重点学科，是国家级继续教育基地和北京市住院医师培训基地。目前科室在岗正式职工121人，包括诊断组、护理组、技术组、登记保管组，其中正高职称12人、副高职称15人，其余为初中级职称，梯队合理。80%以上的科室医师具有硕士以上学位。',NULL),(45,'放射治疗科','北京协和医院的放射治疗工作开始于上世纪二十年代，是国内最早开始应用放射线治疗肿瘤的医院。上世纪五十年代，我院放射科专门设有放射治疗组，形成了国内实力较强的放射肿瘤专业。1958年我院放射治疗的主要设备和人员参加组建医科院肿瘤医院。剩余人员继续开展工作。1985年成立了独立的放射治疗科，首任主任是周觉初教授；现任主任是张福泉教授，副主任是邱杰教授和胡克教授。近十年来医院陆续投资上千万元，更新完善了放疗设备，使之达到了国内一流水平。',NULL),(46,'物理医学康复科','1921年，北京协和医院成立，同年，时任神经科主任的美国人Andrew H Woods教授创立了理疗室，开展对神经疾病患者的电刺激疗法。1932年，美国的理疗学家Mary McMillan女士来到北京协和医院，创立了独立的理疗科，标志着北京协和医院理疗科的正式成立，是今天物理医学康复科的前身。这是国内最早成立的理疗科。1948年美籍华人黄厚璞女士接任理疗科主任，在原有工作基础上，又开展了按摩疗法。1953年，杨子彬大夫由苏联专家举办的理疗培训班结业后来到北京协和医院，1954年，邹贤华教授获得前苏联理疗学博士学位后来到协和医院，他们曾分别前后担任理疗科副主任、主任。上世纪80年代以来，中国的康复医学事业飞速发展，北京协和医院理疗科抓住机遇，充实了现代康复医学的内容，1983年，正式更名物理医学康复科。1986—2005年华桂茹大夫先后担任科室副主任、主任。2007年，陈丽霞大夫担任科室副主任，第一负责人，王燕大夫同时任科室副主任。2014年陈丽霞大夫担任科室主任，刘颖大夫担任科室副主任。',NULL),(47,'核医学科','北京协和医院核医学科创立于1958年，是我国最早成立的临床核医学科之一。五十年来，经过以王世真院士、周前教授等为代表的几代协和核医学工作者的不懈努力，北京协和医院核医学科逐步发展成为在国内外具有重要影响的核医学医疗、研究与培训中心，为核医学在我国的引进诞生、发展壮大和人才培养作出了突出贡献。',NULL),(48,'营养科','北京协和医院营养科是我国成立最早的医院营养科，是北京协和医院1921年建院之初就存在的6个科室之一，有着悠久的历史。是我国临床营养人员的培训基地和成长摇篮，几十年来为我国培养了大量临床营养专业人才。北京协和医院在建院时即将营养科按独立科室建制，由院长领导实行科主任负责制。建院之初，科主任由资深美国注册营养师担任，她们分别是文伯特•谢佛（Miss Albarta shafer）、凯瑟琳•米切尔（Miss Katherinde Mitchell）、高弥侃（Miss Gomican）、海伦•博克特（Miss Helen Burkett）。嗣后有俞锡璇、周璿、查良锭、杜寿玢、王秀英等担任主任职务。现任营养科主任为马方。',NULL),(49,'输血科','输血医学不但涉及内、外、妇、儿以及重症医学等临床输血治疗，还涉及到血清学、免疫学、病毒学、分子生物学、移植医学等基础医学领域，逐渐发展成为独立的医学学科。',NULL),(50,'药剂科','北京协和医院药剂科是集药学服务、科研、教学和管理为一体的平台科室，负责药品的供应、调剂、合理用药及信息咨询等工作。目前共有员工115人，本科及以上学历占72.8%，含博士3人，硕士20人。多年以来，药剂科不断探索，传承精进，为保障临床合理用药砥砺前行。',NULL);

/*Table structure for table `doctor` */

DROP TABLE IF EXISTS `doctor`;

CREATE TABLE `doctor` (
  `did` int(11) NOT NULL AUTO_INCREMENT COMMENT '医生id',
  `dname` varchar(50) DEFAULT NULL COMMENT '医生姓名',
  `sex` varchar(50) DEFAULT NULL COMMENT '医生性别',
  `titel` varchar(500) DEFAULT NULL COMMENT '职位',
  `Good` varchar(500) DEFAULT NULL COMMENT '擅长',
  `introduce` varchar(500) DEFAULT NULL COMMENT '介绍',
  `Details` varchar(500) DEFAULT NULL COMMENT '详细介绍',
  `DepartmentId` int(11) DEFAULT NULL COMMENT '所属科室id',
  `photoDoctor` varchar(100) DEFAULT NULL,
  `password` varchar(20) NOT NULL,
  `roleId` int(11) DEFAULT NULL,
  PRIMARY KEY (`did`),
  KEY `fk_pd` (`Details`(255)),
  KEY `FK_doctor` (`DepartmentId`),
  CONSTRAINT `FK_doctor` FOREIGN KEY (`DepartmentId`) REFERENCES `department` (`DepartmentId`)
) ENGINE=InnoDB AUTO_INCREMENT=47 DEFAULT CHARSET=utf8;

/*Data for the table `doctor` */

insert  into `doctor`(`did`,`dname`,`sex`,`titel`,`Good`,`introduce`,`Details`,`DepartmentId`,`photoDoctor`,`password`,`roleId`) values (1,'张奉春','男','内科学系主任 主任医师 教授 博士研究生导师','擅长诊治系统性红斑狼疮、干燥综合征、类风湿关节炎、脊柱关节病、系统性血管炎等各种风湿免疫病。','张奉春，1954年10月生，北京协和医院主任医师，教授，博士生/博士后导师，享受国务院特 殊津贴。现任中国医学科学院北京协和医院内科学系主任，北京协和医学院内科学系主任， 北京医师协会风湿免疫分会及内科分会会长，国家药典委员会委员，全国内科住院医师规培 委员会副主任委员。曾任北京协和医院风湿免疫科主任，中华医学会风湿病学分会第六、七 届主任委员，中国医师协会风湿免疫专科医师分会第一二届会长。','张奉春，1954年10月生，北京协和医院主任医师，教授，博士生/博士后导师，享受国务院特殊津 贴。现任中国医学科学院北京协和医院内科学系主任，北京协和医学院内科学系主任，北京医师 协会风湿免疫分会及内科分会会长，国家药典委员会委员，全国内科住院医师规培委员会副主任 委员。曾任北京协和医院风湿免疫科主任，中华医学会风湿病学分会第六、七届主任委员，中国 医师协会风湿免疫专科医师分会第一二届会长。1982年毕业于北京医科大学（现北京大学医学部）， 1987年始从事风湿免疫病学专业，1993-1995年在美国做博士后研究。 主要研究方向是原发性干 燥综合征及原发性胆汁性胆管炎的发病机制。近年来承担十一五、十二五重大新药创制课题、十 一五国家科技支撑计划课题、卫生部重点学科基金、卫计委（原卫生部）卫生公益性行业专项首 席科学家及多项国家自然基金等项目。主编多部学术专著，包括《风湿免疫病学》、《干燥综合 征》、《风湿病诊疗指南》、《北京协和医院内科大查房》、国家重点出版工程《中华医学百科 全书》风湿免疫病学卷、国家卫生和计划生育委员会住院医师规范化培训规划教材《内科学：风 湿免疫分册》等。2005',1,'static/images/doctor1.png','111111',NULL),(2,'刘晓清','女','内科学系常务副主任 教授 主任医师 博士研究生导师','刘晓清，主任医师，教授，博士研究生导师，内科学系常务副主任。长期从事感染性疾病诊治工作。英国牛津大学Nuffield 临床医学系（John Radcliffe 医院）访问学者（Visiting Research Fellow)。对发热性疾病鉴别诊断、各种感染性疾病（包括复杂疑难感染、病毒性肝炎、结核病等）诊治及抗微生物药物合理选择与应用积累了丰富经验。','刘晓清，主任医师，教授，博士研究生导师，内科学系常务副主任。长期从事感染性疾病诊治工作。英国牛津大学Nuffield 临床医学系（John Radcliffe 医院）访问学者（Visiting Research Fellow)。对发热性疾病鉴别诊断、各种感染性疾病（包括复杂疑难感染、病毒性肝炎、结核病等）诊治及抗微生物药物合理选择与应用积累了丰富经验。',' 刘晓清，主任医师，教授，博士研究生导师，内科学系常务副主任。长期从事感染性疾病诊治工作。英国牛津大学Nuffield 临床医学系（John Radcliffe 医院）访问学者（Visiting Research Fellow)。对发热性疾病鉴别诊断、各种感染性疾病（包括复杂疑难感染、病毒性肝炎、结核病等）诊治及抗微生物药物合理选择与应用积累了丰富经验。',1,'static/images/doctor-3.jpg','222222',NULL),(3,'邢小平','女','内分泌科教研室主任 教授 主任医师 博士生导师','内分泌和代谢性疾病','邢小平，主任医师，博士生导师。1984年始于北京协和医院内分泌科从事临床工作。擅长内分泌代谢疾病的诊治。作为课题负责人主持国家自然科学基金项目，作为主要参加人及分课题负责人参加了美国中华医学基金(CMB)、国家 “九·五”、 “十·五”、 “十一·五”科技攻关项目等多项课题的研究。曾以主要参加人身份获国家科技进步二等奖二项，卫生部医药卫生科技进步一、二、三等奖各一项。','邢小平，主任医师，博士生导师。1984年始于北京协和医院内分泌科从事临床工作。擅长内分泌代谢疾病的诊治。作为课题负责人主持国家自然科学基金项目，作为主要参加人及分课题负责人参加了美国中华医学基金(CMB)、国家 “九·五”、 “十·五”、 “十一·五”科技攻关项目等多项课题的研究。曾以主要参加人身份获国家科技进步二等奖二项，卫生部医药卫生科技进步一、二、三等奖各一项。学术任职：曾任中华医学会内分泌学分会委员兼秘书长；现任中国医师协会内分泌代谢科医师分会副会长，北京医学会骨质疏松和骨矿盐疾病分会主任委员，北京医师协会内分泌专科医师分会主任委员，中华预防医学会糖尿病预防与控制分会副主任委员。',1,'static/images/patients-1.jpg','333333',NULL),(4,'严晓伟','男','内科学系副主任 教授 主任医师 博士研究生导师','临床工作着重于各种心血管病危险因子（高血压、脂质代谢异常、糖尿病等）的防治、心力衰竭诊治、血栓栓塞性疾病的抗凝和抗血小板治疗、动脉粥样硬化心脑血管病的一级预防和二级预防、以及全身性疾病累及心脏的诊治等。主要研究领域包括：脂质代谢异常、动脉粥样硬化发病机制及预防和心血管病临床药理。','1985年7月毕业于上海医科大学医学系。1990年6月在中国协和医科大学获医学博士学位。2002年6月晋升为北京协和医院心内科主任医师、教授。1995年9月至1998年4月在瑞士苏黎世大学医院心内科进行博士后研究，主要从事心血管临床药理和血管内皮功能方面的研究。在国内外医学杂志共发表综述和论著120余篇，著书约80万余字,主编/主译专著5部(其中副主编2部)。现任北京协和医院心内科副主任，博士研究生导师，中华医学会理事，卫生部心血管病防治研究中心专家委员会委员，中国老年学学会心脑血管病专业委员会常务理事，中华医学会心血管病分会动脉粥样硬化与冠心病学组成员，中国医师学会心血管病分会专家委员会委员，中华医学会科学普及分会第八届委员会委员，中国医师学会高血压...','1985年7月毕业于上海医科大学医学系。1990年6月在中国协和医科大学获医学博士学位。2002年6月晋升为北京协和医院心内科正主任医师、教授。1995年9月至1998年4月在瑞士苏黎世大学医院心内科进行博士后研究，主要从事心血管临床药理和血管内皮功能方面的研究。在国内外医学杂志共发表综述和论著120余篇，著书约80万余字,主编/主译专著5部(其中副主编2部)。现任北京协和医院心内科副主任，内科学系副主任，博士研究生导师，中华医学会理事，卫生部心血管病防治研究中心专家委员会委员，中国老年学学会心脑血管病专业委员会常务理事，中华医学会心血管病分会动脉粥样硬化与冠心病学组成员，中国医师学会心血管病分会专家委员会委员，中华医学会科学普及分会第八届委员会委员，中国医师学会高血压病分会专家委员会委员，备战2012年伦敦奥运会国家队医疗专家。',1,'static/images/doctor-2.jpg','444444',NULL),(5,'李航','男','内科学系副主任 主任医师 教授 硕士研究生导师','慢性肾炎，IgA肾病，膜性肾病，狼疮性肾炎，糖尿病肾病，高血压肾损害。','主任医师、教授，硕士研究生导师，北京医师协会肾脏病分会副会长，北京内科医师协会常务理事。擅长各种原发、继发肾小球疾病的症状，主要从事肾脏病理和肾小球疾病治疗方面的研究','1993年毕业于北京医科大学，毕业后一直在北京协和医院内科工作，任住院医师，住院总医师。2000年毕业于中国协和医科大学，获医学博士学位，继续在北京协和医院肾内科工作，先后任肾内科主治医师，副主任医师，主任医师，教授。2002－2003年 作为访问学者于英国伦敦大学学院皇家自由医院肾内科学习工作。2003-2014年任北京协和医院肾内科副主任。2014年起任北京协和医院内科学系副主任。2005年被中国协和医科大学聘为硕士研究生导师。2012起任北京医师协会肾脏病分会副会长，北京内科医师协会常务理事，主要从事各种原发和继发性肾脏病的临床诊治工作。擅长难治性肾病综合征，IgA肾病，狼疮性肾炎，高血压肾损害和糖尿病肾病等疾病的治疗。科研方面，主要从事肾脏病理和肾小球疾病治疗方面的研究。2000年以来以第一作者或通讯作者在国外和国内核心刊物上发表论文共50余篇，其中论著30余篇。',1,'static/images/doctor-4.jpg','555555',NULL),(6,'方理刚','男','主任医师，教授，博士研究生导师，心内科常务副主任','心力衰竭、心肌病、冠心病、高血压等诊治以及超声心动图诊断疑难成人心血管病。','主任医师，教授，博士研究生导师，心内科常务副主任。 长期从事心血管内科的临床、科研、教学和医疗保健工作。在应用超声心动图诊断各种心血管疾病方面有20余年的临床经验。','方理刚，北京协和医院心内科主任医师、教授、内科学博士，博士生导师，心内科副主任。本科毕业于浙江大学医学院医学系，在中国协和医科大学获得内科学硕士及博士学位。2005年曾在美国UAB医学院附属医院心内科做Research Fellow。在北京协和医院经历了严格的内科临床训练，有扎实的内科学基础。长期从事心血管内科的临床、科研、教学和医疗保健工作。讲授北京协和医学院8年制医学生课程（心力衰竭心肌病、心脏瓣膜病、感染性心内膜炎、超声心动图的临床应用等）。超声心动图诊断各种心血管疾病方面有20余年的临床经验。和心内科同事建立了北京协和医院心内科心衰团队，设立了心衰心肌病门诊。对心肌梗死、各类心肌病、高血压等引起的心力衰竭的诊治具有丰富的经验。在《中华心血管病杂志》、《Eur Heart J》、《J Am Soc Echocardiogr》、《Eur Heart J Cardiovasc Imaging》、《Echocardiography》、《Circulation Journal》等杂志至今发表大量中英文文章, 近10年余一直主持《中国心血管杂志》心血管疑难病例解析专栏。参与撰写20本专业著',2,'static/images/doctor-5.jpg','666666',NULL),(7,'沈珠军','男','主任医师 教授 硕士研究生导师 心内科副主任','冠心病介入治疗及其随访','沈珠军，男，主任医师，教授，心血管内科专业，心内科副主任。于1996年进入心内科并开始参加心内科的各项临床工作。2000年晋升副主任医师。2006年晋升主任医师。','沈珠军，男，主任医师，教授，心内科副主任，心血管内科专业。专业特长：冠心病临床及介入治疗。1966年出生于上海，1984年上海市松江二中高中毕业，就读中国协和医科大学（医预科2.5年在北京大学生物系），1992年师从吴宁教授完成博士论文《病态窦房结综合症患者文氏点的变化》毕业，获医学博士学位。同年进北京协和医院内科工作，历经内科住院医师、总住院医师训练，于1996年进入心内科并开始参加心内科的各项临床工作。1998年获胡应舟基金资助到香港大学玛丽医院心内科进修冠脉介入及外周血管介入治疗，1999年初回北京协和医院，长期从事临床及冠脉介入工作。2000年晋升副主任医师。2006年晋升主任医师。2008年到荷兰Erasmus大学胸科中心进修临床研究。至今独立完成冠脉介入治疗3000余例，外周介入治疗累计200余例。参与心内科有关冠心病的各方面研究，国内一级杂志发表文章40余篇,国际杂志文章8篇。有关“冠脉内超声的临床应用研究”获北京市科技进步二等奖。现为《临床内科杂志》编委，《中华内科杂志》通讯编委。中华心血管病协会青年委员。',2,'static/images/2.jpg','777777',NULL),(8,'陈未','女','副主任医师 副教授 心内科副主任兼帅府病房主任',' 冠心病、高血压、心衰、心肌病变的诊治，超声心动图检查','副主任医师，副教授，心内科副主任兼帅府病房主任。主要擅长冠心病、高血压、心肌病变的诊治','副主任医师，副教授，硕士生导师，心内科副主任兼帅府病房主任，临床专长：冠心病、高血压、心衰、心肌病变的诊治，超声心动图检查。1997年毕业于华西医科大学临床医学专业，2006年获得北京协和医院心血管专业博士学位。2009-2011年作为博士后在Frangogiannis教授实验室进行心肌梗死后心肌修复、炎症调控及心室重构方面的研究，1997年至今一直在北京协和医院心内科从事一线临床、教学和科研工作。已发表论文十余篇。主持和参与各类科研、教学项目基金十多项。',2,'static/images/1.jpg','888888',NULL),(9,'郭潇潇','女','副主任医师 硕士研究生导师 心内科主任助理','高血压、心肌病、心力衰竭、冠心病、肺高压','郭潇潇，女，心血管内科副主任医师，心内科主任助理。2004年毕业于中国协和医科大学8年制临床医学专业，获得医学博士学位，后在美国哥伦比亚大学医学院作博士后研究1年。毕业至今在北京协和医院工作。对常见心血管疾病如高血压、冠心病、心力衰竭有丰富经验，擅长诊治疑难少见的心血管疾病或累及心血管系统的全身性疾病，同时在成人超声心动图的临床诊断和应用及心肌病的临床和发病机制方面有深入研究。在国内外期刊发表文章二十余篇，报道了多例罕见心血管疾病及新发致病基因突变，主持和参与国家自然科学基金等多个科研项目。','郭潇潇，女，心血管内科副主任医师，心内科主任助理。2004年毕业于中国协和医科大学8年制临床医学专业，获得医学博士学位，后在美国哥伦比亚大学医学院作博士后研究1年。毕业至今在北京协和医院工作。对常见心血管疾病如高血压、冠心病、心力衰竭有丰富经验，擅长诊治疑难少见的心血管疾病或累及心血管系统的全身性疾病，同时在成人超声心动图的临床诊断和应用及心肌病的临床和发病机制方面有深入研究。在国内外期刊发表文章二十余篇，报道了多例罕见心血管疾病及新发致病基因突变，主持和参与国家自然科学基金等多个科研项目。',2,'static/images/3.jpg','999999',NULL),(10,'罗慰慈','男','主任医师 教授',' 各种呼吸系统疑难病','罗慰慈，呼吸内科学教授，男，1924年生，福建福州人。1948年毕业于福建协和大学生物系，1953年毕业于北京中国协和医学院医本科。1955～1956年任北京协和医院内科总住院医师，1957年任主治医师，1979年任主任医师，1983年任北京协和医院内科副主任，1985～1986年任北京协和医院内科主任、教授，博士研究生导师。1959～1960年曾在北京中医学院和南京中医学院学习中医两年。1983年曾在美国约翰霍浦金斯医学院和俄立冈医学科学中心任访问学者','罗慰慈教授是我国著名的呼吸病学家和临床医学家，长期从事呼吸内科医疗、教学和科研工作。在呼吸内科专业领域内工作已经有50余年，对内科呼吸病如结节病、肺军团菌病等呼吸道感染、支气管哮喘、慢性阻塞性肺疾病、肺部肿瘤，急性和慢性呼吸衰竭等病症有较为深入的研究。曾经承担国家“七•五”攻关课题，“当归对缺氧性肺动脉高压的作用”，国家教委博士点研究课题，“血管活性肠肽对低氧性肺动脉的作用研究”，国家自然科学基金研究课题，“伯舒螺旋体，Borrelia burgdoferi，与结节病病原学的研究”。已经发表论文84篇，主编《内科临床指导》、《现代呼吸病学》、《协和医学词典》，参加编写吴英恺教授主编的《胸部疾病》，朱贵卿教授主编的《呼吸内科学》，陈敏章教授主编的《中华内科学》，方圻教授主编的《现代内科学》以及叶世泰教授主编的《变态反应学》等专著。曾经获得1984年和1991年中国医学科学院科学技术进步奖和1999年国家卫生部科学技术进步二等奖。1957年和1982年被评为先进工作者，1985年被评为北京市劳动模范。后来罗慰慈教授被评为有贡献的医学专家而接受国家特殊津贴。曾立三等功一次（1954年，由中央',3,'static/images/4.jpg','000000',NULL),(11,'朱元珏','女','主任医师 教授 博士研究生导师','各种呼吸系统疾病，特别是弥漫性间质性肺病及呼吸生理心理疾病',' 朱元珏教授，女，1932年出生，安徽旌德籍。1948-1951年在燕京大学医预系学习，1956年毕业于中国协和医学院医疗系。1956年以来一直在北京协和医院工作，先后任内科住院医师、总住院医师、主治医师、副研究员、和主任医师。1985年起任中国协和医科大学教授。1979-1982年赴美国哈佛大学麻省总医院肺科作访问学者。回国后曾任北京协和医院呼吸科主任和北京协和医院内科学系主任。现任北京协和医院呼吸科教授、主任医师。现任中华结核和呼吸杂志及国际呼吸杂志资深编委和 Journal of COPD编委。并担任中央保健委员会专家组专家和中国药监局新药评审专家。1986年获卫生部有突出贡献科技工作者称号。1991年获国务院颁发的政府特殊津贴。','朱元珏教授曾任中华医学会呼吸分会第四届主任委员（1995-2000），中华结核和呼吸杂志总编辑（1992-2001年）。并曾经在北京医学会呼吸专业委员会中担任多届委员。这段时间正是我国各项工作处于转型时期，也是呼吸学科快速发展的时期。在朱元珏教授的主持下，积极改进中华结核和呼吸杂志的栏目设置，不断提高所刊论文水准，严格按照稿件质量选用论文，并于1998年从双月刊扩增为单月刊，容量和质量均达到了新的高度。朱元珏教授通过组织各种呼吸专科学术会议，促进学科交流和研究，并积极推动规范化的呼吸疾病的诊治，组织制定并出版了多项诊断和治疗常规。1996年，亚太呼吸病学年会在北京成功召开，这是当时国内规模最大的国际呼吸学术会议，对我国呼吸病学的发展有积极的推动作用。同时，朱元珏教授深刻认识到人才培养和专业队伍的建设的重要性，在她的鼓励和支持下，北京青年呼吸学者沙龙于1996年成立，随后，各地青年学者也开展了相似的沙龙活动，不仅促进了学术交流，更培养了一批呼吸学术骨干。朱元珏教授为我国呼吸病学的发展起了重要的推动作用。朱元珏教授长期从事呼吸内科的医疗、教学和科研工作。在内科和呼吸系疾病有着丰富的临床经验',3,'static/images/doctor4.jpg','',NULL),(12,'林耀广','男','主任医师 教授','各种呼吸系统疑难病',' 林耀广，北京协和医院内科学教授，男，1938年出生于广东潮州。1958~1964年就读于中山医科大学医疗系（六年制）。1994年任硕士研究生导师，1996年任博士研究生导师',' 从事内科和呼吸疾病的临床、教学与科研38年，有丰富的临床经验和现代基础医学知识。1992年回国后主要从事肺血管通透性损伤和支气管哮喘的基础和临床研究工作，在呼吸内科的其他领域，如结节病、肺间质病、呼吸衰竭、肺功能学、支气管镜学、下呼吸道感染、不典型结核病、肺癌等的诊治也有丰富的临床经验。',3,'static/images/doctor2.jpg','',NULL),(13,'杨爱明','男','消化内科主任 内镜中心主任 教授 主任医师 博士研究生导师','食管胃底静脉曲张，胃早期癌，胆石症，胰腺癌，慢性胰腺炎，胆管癌，ERCP，超声内镜，内镜下微创治疗','杨爱明，男，博士研究生导师，主任医师，教授。现任北京协和医院消化内科主任，消化内镜培训中心主任。兼任第十二届全国政协委员，中央保健会诊专家，中华医学会消化内镜学分会副主任委员、中华医学会消化内镜分会胃疾病学组组长，中华医学会北京市消化内镜分会副主任委员，中国医师协会介入医师分会消化内镜专业委员会副主任，中国医师协会精准医学分会委员，中华消化内镜杂志副主编，中华临床医师杂志、中国执业药师杂志等多本杂志编委。',' 杨爱明现任北京协和医院消化内科主任，消化内镜培训中心主任。兼任第十二届全国政协委员，中央保健会诊专家，中华医学会消化内镜学分会副主任委员、中华医学会消化内镜分会胃疾病学组组长，中华医学会北京市消化内镜分会副主任委员，中国医师协会介入医师分会消化内镜专业委员会副主任，中国医师协会精准医学分会委员，中华消化内镜杂志副主编，中华临床医师杂志、中国执业药师杂志等多本杂志编委。 曾经在香港中文大学、德国汉堡大学和日本神户大学等地学习了ERCP、超声内镜、超声内镜引导下穿刺技术、内镜治疗技术、内镜下消化道早期癌的诊断、早期癌治疗等。多年来完成大量的内镜诊治工作，包括胃镜、结肠镜、超声内镜和ERCP等；开展多种内镜下治疗新技术包括EMR、ESD技术，超声内镜引导下穿刺技术，胰腺假性囊肿的内镜下引流技术，胆管内超声检查术等。是我国最早开展内镜超声应用与研究工作的医生之一。 2009年开始组织国内9个中心的课题“胃早期癌及癌前病变内镜诊治多中心技术体系建立和应用研究”获得“十二五”国家科技支撑计划资助。2014年“胃早癌筛查”获北京市科委重大课题资助。2016胃早期癌诊断多中心研究获“十三五”资助。在',4,'static/images/doctor3.jpg','',NULL),(14,'李景南','男','消化内科副主任 主任医师 教授 博士研究生导师','结肠息肉的治疗、结直肠癌的筛查和预防、慢性胰腺炎、胃肠胰腺神经内分泌肿瘤、溃疡性结肠炎','李景南，男，博士，消化内科副主任，主任医师，教授，博士生导师。中国医师协会消化病医师分会副会长；中华医学会北京消化病分会常委。1992年于山东医科大学临床医学专业毕业后分配至北京协和医院内科工作至今。1995年因优秀住院医师直接考取本院消化内科博士研究生，1999年7月获博士学位，2001年至2004年期间作为访问学者赴美国哈佛医学院麻省总医院消化科工作，主要在结肠息肉及结直肠癌的癌变机制、临床筛查和预防方面做了大量的研究工作。承担多项国家和省部级研究课题，参与多项全国和亚太指南的编写。','李景南现任中国医师协会消化病医师分会副会长；中华医学会北京消化病分会常委；中华医学会消化病分会肿瘤协作组副组长；胃肠动力及调节肽学组、肠道微生态学组委员；中国医师协会中西医结合分会消化疾病专业委员会副主任委员；中国医促会消化病学分会副主任委员；北京中西医结合学会大肠肛门病专业委员会副主任委员1992年山东医科大学临床医学专业毕业后分配至北京协和医院工作至今，历任内科住院医师、总住院医师、消化内科主治医师、副主任医师、主任医师、教授。1995年由优秀住院医师推荐直接考取本院消化内科博士研究生，1999年获博士学位。2001年至2004年期间作为访问学者赴美国哈佛医学院麻省总医院消化科进修，主要在结肠息肉治疗和结直肠癌筛查、预防以及癌变机制方面进行了大量研究工作。长期在临床一线工作，对消化系统常见疾病和疑难疾病的诊断和治疗具有丰富的临床经验。参与了亚太结直肠癌筛查指南、全国大肠癌筛查预防和治疗共识指南、全国胃肠胰腺神经内分泌肿瘤内科诊治共识的制定。目前主要针对结直肠癌的筛查和预防以及溃疡性结肠炎癌变机制和预防方面进行重点研究，作为课题负责人承担多项国家自然基金、北京市自然基金、北京市科委、',4,'static/images/doctor5.jpg','',NULL),(15,'费贵军','男','消化内科副主任 副教授 副主任医师','胃炎，十二指肠溃疡，肠易激综合征，炎症性肠病，功能性消化不良，便秘','费贵军，男，副主任医师，消化内科副主任。1971年出生，中共党员。1997年于中国协和医科大学（现北京协和医学院）毕业后，在北京协和医院内科工作至今，先后任住院医师、总住院医师、主治医师。曾在美国俄亥俄州立大学做博士后研究，主要从事肠神经系统生理及病理生理的研究，发表了多篇论文。作为医疗专业志愿者，曾参加2008北京奥运会志愿者服务和2009年国庆庆典医疗保障服务','费贵军，男，副主任医师，消化内科副主任，中共党员。1997年于中国协和医科大学（现北京协和医学院）毕业后，在北京协和医院内科工作至今，先后任住院医师、总住院医师、主治医师、副主任医师2002年进入消化内科工作，对于消化系统常见疾病及疑难病症有一定的诊断和治疗经验，能熟练掌握电子胃镜、电子结肠镜、双气囊电子小肠镜等消化内镜检查操作。曾在美国俄亥俄州立大学做博士后研究，主要从事肠神经系统生理及病理生理的研究，发表了多篇论文作为医疗专业志愿者，曾参加2008北京奥运会志愿者服务和2009年国庆庆典医疗保障服务。',4,'static/images/doctor6.jpg','',NULL),(16,'毕增祺','男','主任医师 教授 博士研究生导师','对各种肾脏病的诊治有扎实的理论基础和丰富的临床经验','主任医师、教授、博士生导师。北京协和医院肾内科创始人，中华医学会肾脏病学会创始人之一。在肾脏病领域做出很多开创性工作，曾先后三次受国家政府派遣，带领中西医治疗小组为国外政要人士治病。2007年，中华肾脏病学会授予卓越贡献奖，2009年北京协和医院授予杰出贡献奖。','毕增祺，男，1925年生，安徽歙县人。主任医师、教授，博士生导师。1952年毕业于上海同济大学医学院。1955-1959年在前苏联列宁格勒医学院学习，获副博士学位。1959年回国，开始在北京协和医院内科工作。1962年学习中医两年，在湖北中医医学院师从名老中医张梦龙等。以后，在北京协和医院心、肾科工作，长期将中西医的理论和思想方法应用于临床。1972年，在中美未建交前，受国务院指派，任首届我国常驻联合国代表之一，担任代表团医疗等工作。1976年回国，1980年在北京协和医院创建肾脏病科。1984年，在我国最早报告IgA肾病。最早倡导对慢性肾衰竭进行早期防治，提出非透析的综合治疗。对防止慢性肾功能进行性恶化，在早、中期防治做了系列性研究，其中对中药大黄等治疗作用，作了临床严谨观察和效果的肯定，并证明中西医结合治疗有延缓慢性肾功能衰竭恶化作用。曾用中、外文发表论著多篇，有较大影响。对慢性肾衰竭患者营养问题，首先研究和应用我国自制的多种必需氨基酸治疗肾功能衰竭，配合低蛋白饮食为该病营养治疗奠定了基础。科研成果在上世纪80年代获中国医学科学院科研成果奖。还研究证明了中西医结合治疗老年慢性肾功能',5,'static/images/doctor8.jpg','',NULL),(17,'李学旺','男','主任医师 教授 博士研究生导师','擅长各种原发和继发肾小球疾病和血液净化技术。特别是狼疮性肾炎、难治性肾病综合征、急性肾衰竭的诊治','李学旺，主任医师、教授、博士生导师。2000年起享受国务院特殊津贴。2014年获第九届中国医师奖、2016年获协和医学院教学名师称号、在学界享有很高声誉。临床经验丰富，擅长各种原发和继发肾小球疾病和血液净化技术。特别是狼疮性肾炎、难治性肾病综合征、急性肾衰竭的诊治。李学旺教授主持过多项国家、省部级基金及担任多种期刊、专著的主编或编委，也为肾脏病领域亲自培养了很多人才','李学旺，男，1946年11月生，汉族，河北安新人。1970年毕业於中国协和医科大学，医学系；1982年获中国协和医科大学肾内科研究生毕业,获硕士学位，1987-1989年于美国马里兰大学医学院肾脏病科从事肾脏细胞生物学研究。1995年3-5月，在美国哥伦比亚大学长老会医院内科学习考察、进修内科教学。2000至2003年就读于中欧工商管理学院医院管理获医院管理证书。2000年起享受国务院特殊津贴。2014年获第九届中国医师奖、2016年获协和医学院教学名师称号。曾任北京协和医院肾内科副主任、主任,北京协和医院血液净化中心主任，内科学系副主任，北京协和医院常务副院长。目前为中国协和医科大学教授、北京协和医院肾内科主任医师、博士生导师，学术兼职：中国医师协会理事，肾脏内科医师分会会长，中华医学会肾脏内科分会5、6、7届常委、秘书及第七届副主任委员。中国医院协会理事，医疗质量管理专业委员会主任委员，卫生部标准委员会委员，医疗机构标准委员会主任委员、北京协和医院学术委员会委员，中国医学科学院学术委员会委员。《中华肾脏病杂志》、《临床肾脏病杂志》副主编、《国际血液净化、移植杂志（中文）》主编。《中',5,'static/images/doctor10.jpg','',NULL),(18,'于晓初','女','研究员 教授 主任医师','肾脏内科常见病的诊断和治疗，包括原发性肾小球肾炎和肾小管间质疾病，继发性肾小球疾病和肾间质疾病。','主任医师、教授，曾任北京协和医院副院长，擅长各种原发性肾小球肾炎和肾小管间质疾病，继发性肾小球疾病和肾间质疾病的诊治。','于晓初，肾内科主任医师、管理研究员，北京协和医学基金会理事长。曾于1999年至2014年6月担任北京协和医院副院长，先后分管行政后勤、信息建设、设备管理、医疗护理。曾任国家卫生标准委员会护理标准专业委员会主任委员、中国医院协会常务理事、中国医院协会护理管理专业委员会主任委员、北京医学会医学伦理学专业委员会副主任委员，《中国医疗管理科学》杂志编委。',5,'static/images/doctor7.jpg','',NULL),(19,'李汉忠','男','外科学系主任 泌尿外科学科带头人 主任医师 教授 博士生导师','肾上腺外科、泌尿男生殖系肿瘤、前列腺增生等疑难疾病诊治，尤其是嗜铬细胞瘤；擅长各种腹腔镜手术及机器人的腹腔镜手术','李汉忠90年代曾赴美国纽约哥伦比亚大学长老会医学中心及康奈尔大学泌尿外科进修做访问学者。长期在北京协和医院从事泌尿外科基础及临床工作。','北京协和医学院外科学系主任、教授、博士生导师，中国医学科学院北京协和医院大外科负责人、主任医师、泌尿外科学术带头人；香港中文大学荣誉教授，国务院政府津贴获得者。90年代曾赴美国纽约哥伦比亚大学长老会医学中心及康奈尔大学泌尿外科进修做访问学者，长期在北京协和医院从事泌尿外科临床工作。目前担任中华医学会泌尿外科学分会常务委员、中华医学会北京泌尿外科学分会主任委员、北京医师协会泌尿外科分会会长、专家委员会主任委员、中华医学会泌尿外科学分会肿瘤学组副组长、中国医师协会泌尿外科分会常务委员，《中华泌尿外科杂志》副主编、《协和医学杂志》副主编、《中华外科杂志》编委、《北京医学》副主编。从医三十多年来，潜心研究泌尿外科的基础理论和专业知识，积累了丰富的临床经验，对诸多泌尿外科疾病的发生发展规律有着独到见解，手术技术精益求精，具有很高的造诣。特别是在肾上腺外科、微创泌尿外科、肾移植、泌尿男生殖系肿瘤、前列腺疾病的诊断与治疗方面进行了卓有成效的工作，诊治了大量疑难病例，取得了良好效果。近年来，广泛开展机器人腹腔镜微创手术，服务广大患者肾上腺外科疾病诊治达到国际先进水平。应用腹腔镜等微创技术成功完成各种肾',24,'static/images/doctor12.jpg','',NULL),(20,'翁习生','男','外科学系副主任 教授 主任医师 博士研究生导师','擅长骨关节炎、类风湿关节炎、强直性脊柱炎、血友病性关节炎、骨骼畸形及股骨头坏死的诊治和各种关节置换术','翁习生教授是我国著名的中青年骨科专家，对骨科疾病如脊柱畸形、颈椎病、腰椎间盘突出症、髋关节骨关节炎、类风湿关节炎、强直性脊柱炎、股骨头坏死、血友病性关节炎等有丰富的临床经验，并对相关疾病的发病机制进行了深入的研究。近年来特别专注于股骨头坏死和人工关节外科如骨关节炎的基础和临床研究，先后在国内外期刊发表学术论文100余篇，其中SCI近20篇，拥有拥有多项国家级研究基金，如国家自然科学基金、行业基金、“九五”、“十五”攻关、863项目等，科研成果产出显著，先后获得北京市科学技术进步二等奖、国家科技进步二等奖等，培养博士研究生20余名，硕士研究生10余名，大多就职于各大医学院校及附属医院，目前都已经在各自的岗位上成为中坚力量。','翁习生，现任北京协和医院外科学系副主任，教授，主任医师，博士生导师，国家863重大专项课题首席专家、国家百千万人才工程专家，中央保健专家组成员，“中国名医百强榜”上榜医师。翁习生教授是我国著名的中青年骨科专家，对骨科疾病如脊柱畸形、颈椎病、腰椎间盘突出症、髋关节骨关节炎、类风湿关节炎、强直性脊柱炎、股骨头坏死、血友病性关节炎等有丰富的临床经验并对相关疾病的发病机制进行了深入的研究。近年来特别专注于股骨头坏死和人工关节外科如骨关节炎的基础和临床研究，先后在国内外期刊发表学术论文100余篇，其中SCI近20篇，拥有拥有多项国家级研究基金，如国家自然科学基金、行业基金、“九五”、“十五”攻关、863项目等，科研成果产出显著，先后获得北京市科学技术进步二等奖、国家科技进步二等奖等，培养博士研究生20余名，硕士研究生10余名，大多就职于各大医学院校及附属医院，目前都已经在各自的岗位上成为中坚力量翁习生教授目前任中华医学会骨科分会常委副主任委员、全国关节外科学组副组长、中国医师学会骨科分会关节外科专业委员会副主任委员、北京医学会骨科分会副主委、北京医学会关节外科学组组长、《中华骨科杂志》副主编、《',24,'static/images/doctor13.jpg','',NULL),(21,'林进','男','教授 主任医师 硕士研究生导师','在骨科常见、多发疾病及疑难、罕见疾病的诊断和治疗方面具有丰富而独到的临床经验。重点：髋、膝、踝、肩、肘、小关节的人工关节置换和翻修及各种截骨矫形手术。','姓名：林进； 性别：男； 毕业院校：同济医科大学医学系(1985年毕业)； 专业：骨科； 技术职称：教授、主任医师。 临床重点：各种髋、膝、踝、肩、肘及小关节疾病——畸形矫正、关节置换等；擅长微创、导航、3D打印等现代技术；熟悉脊柱外科、创伤骨科、肿瘤骨科等','林进：中国医学科学院、北京协和医学院骨科教授、主任医师、硕士研究生导师、“协和病案内涵质控”专家。担任中国医药教育协会骨科专业委员会关节学会、国际矫形与创伤外科学会(SICOT)中国部关节学会、中华医学会骨科分会关节外科学组等多个学术组织的副主任委员、常务委员或委员；《中华骨与关节外科杂志》、《基础医学与临床》杂志等学术刊物的编委或特邀审稿人。曾在欧美、亚太及港台等地区进行专业学习、技术培训和学术交流。擅长髋、膝、踝、肩、肘、小关节的人工关节置换和翻修及各种截骨矫形手术，尤其对于复杂、疑难、罕见的相关疾病有独到的见解与经验，熟悉脊柱、创伤、肿瘤等各类骨科疾病的常规诊治。从医30余年，专业扎实、技术规范、经验丰富、能力全面，具有良好的职业道德和执业素质，提出并不懈追求“医术-仁术-心术-艺术”的职业境界。',24,'static/images/doctor14.jpg','',NULL),(22,'赵玉沛','男','北京协和医院院长 中国科学院院士 主任医师 教授 博士生导师','基本外科各种疾病的诊治；擅长胰腺、胆道、胃肠、甲状腺疾病尤其是胰腺疾病的外科诊治。','赵玉沛，北京协和医院院长，中国科学院院士，外科学教授，博士生导师，享受国务院特殊津贴','赵玉沛，北京协和医院院长，中国科学院院士，外科学教授，博士生导师，享受国务院特殊津贴。中华医学会副会长、外科学分会主任委员、全国胰腺外科学组组长，北京医师协会副会长，国务院学位委员会学科评议组成员；《中华外科杂志》总编辑、《ANNALS OF SURGERY》（中文版）主编及十余种外科杂志的名誉总编和副总编；国际外科学院、北美外科学院、英格兰皇家外科学院、香港外科学院“Honorary Fellowship”和爱丁堡皇家外科学院“Fellowship Ad Hominem”；国际肝胆胰外科协会副主席；第16届亚洲外科学会主席。赵玉沛教授从医30余年，一直工作在普通外科临床、科研和教学第一线，对胰腺癌进行了全面的基础与临床研究，取得了系统性和开创性成果。他医术精湛，治学严谨，尤其擅长疑难重症的外科处理，高度重视诊疗技术改进，努力为患者减轻病痛和经济负担，深受百姓信赖。荣获全国五一劳动奖章、中国医师奖、卫生部有突出贡献中青年专家、首届周光召临床医师奖、北京市医德标兵等殊荣。作为临床外科专家，他带领团队通过艰苦的努力，做出了突出贡献。提出“胰腺癌高危人群”概念，有效促进高危人群尽早就诊和医务',25,'static/images/doctor15.jpg','',NULL),(23,'于健春','女','主任医师 教授 博士研究生导师','胃肠外科与营养代谢专业，肠外肠内营养有关的临床及基础研究工作：胃癌的评估、新辅助化疗与营养支持治疗，规范化胃癌根治手术，肠瘘的肠外与肠内营养支持治疗与手术治疗，甲状腺癌根治手术，开展微创手术：腹腔镜胃镜双镜联合保留贲门/幽门的胃部分切除术治疗胃间质瘤、早期胃癌等，腹腔镜下胃束带减重术（Banding）及腹腔镜下袖状胃切除减肥手术；腹腔镜下胃底折叠术(Nissen),腹腔镜下食管裂孔疝修补术，腹腔镜下腹壁疝修补术，经皮胃镜下胃造口/空肠置管术（PEG/J）空肠穿刺置管术等，诊治水平居国内及国际领先水平。','现任中华医学会肠外肠内营养分会主任委员，中华医学会外科营养支持学组副组长，北京市住院医师规范化培训专科委员会副主任委员，北京医师协会临床营养专家委员会主任委员，北京医学会肠外内营养专业分会候任主任委员，北京医学会常务理事，中国抗癌协会胃癌专业委员会委员，中国医师协会肥胖和糖尿病外科委员会委员及其他社会兼职10余项。同时担任欧洲肠外肠内营养学会（ESPEN）委员，美国肠外肠内营养学会（ASPEN）委员、美国胃肠外科医师与内镜学会（SAGE）委员、国际胃癌学会（IGCA）委员，国际代谢手术卓越联盟（IEF）委员。任《中华医学杂志》英文版、《中华外科杂志》、《中华普通外科杂志》、《中华临床营养杂志》、《肠外与肠内营养》、《中华结直肠癌杂志电子版》等10余种杂..','于健春，女，1962年出生，医学博士，中共党员，中国医学科学院北京协和医学院主任医师，教授，博士生导师中华医学会肠外肠内营养分会主任委员，中华医学会外科营养支持学组副组长，中国医师协会外科医师分会临床营养医师委员会 副主任委员第七届国家卫生标准委员会营养标准专业委员会 副主任委员,社会学术兼职：北京医学会肠外内营养专业分会主任委员，北京市住院医师规范化培训专科委员会副主任委员，中国抗癌协会胃癌专业委员会委员、中国医师协会上消化道委员会委员等；欧洲肠外肠内营养学会（ESPEN）委员，美国肠外肠内营养学会（ASPEN）委员、国际胃癌学会（IGCA）委员、国际代谢手术卓越联盟（IEF）委员；《肠外与肠内营养》杂志 副主编、Journal of Clinical Nutrition Experiment杂志副主编，《中华外科杂志》、《中华普通外科杂志》、《中华临床营养杂志》等编委。',25,'static/images/doctor16.jpg','',NULL),(24,'邱贵兴','男','工程院院士 教授 主任医师 博士研究生导师','擅长脊柱、关节常见病及疑难病与骨质疏松症的诊治。','邱贵兴，中国工程院院士，北京协和医院主任医师、教授，教育部科学技术委员会副主任，中华医学会常务理事，中华骨与关节外科杂志、中华关节外科杂志（电子版）主编，中国工程院医药卫生学部常委、副主任，卫计委合理用药专家委员会副主委，医学参考报社副理事长兼副总编辑，国家自然科学基金委员会医学科学部专家咨询委员会委员，国家药典委员会执行委员，中国医学装备协会医用耗材装备技术专业委员会主任委员，ICSS（国际华人脊柱学会）主席，SICOT（国际矫形与创伤外科学会）副主席、中国部主席等。香港骨科医学院荣誉院士。','邱贵兴，中国工程院院士，北京协和医院主任医师、教授，教育部科学技术委员会副主任，中华医学会常务理事，中华骨与关节外科杂志、中华关节外科杂志（电子版）主编，中国工程院医药卫生学部常委、副主任，卫计委合理用药专家委员会副主委，医学参考报社副理事长兼副总编辑，国家自然科学基金委员会医学科学部专家咨询委员会委员，国家药典委员会执行委员，中国医学装备协会医用耗材装备技术专业委员会主任委员，ICSS（国际华人脊柱学会）主席，SICOT（国际矫形与创伤外科学会）副主席、中国部主席等。香港骨科医学院荣誉院士。致力于脊柱、关节外科临床及基础研究，尤其对脊柱畸形进行了全面研究，提出了特发性脊柱侧凸的中国分型，并在国际脊柱外科权威杂志《Spine》发表，命名为“PUMC（协和）分型”。在先天性脊柱侧凸的病因学研究中取得重大突破，在国际上首次发现了先天性脊柱侧凸患者最重要的致病基因，研究成果发表在世界顶级医学刊物《新英格兰医学杂志》作为项目负责人开展了国家自然科学基金重点项目等20余项省部级以上科研课题，主编《骨科手术学》等专著35部，发表论文、评述700余篇。积极倡导开展骨科诊疗规范化工作，制订了《骨科技术',26,'static/images/doctor17.jpg','',NULL),(25,'王以朋','男','原北京协和医院副院长 教授 主任医师 博士研究生导师','脊柱、关节、骨质疏松，尤其擅长特发性/先天性脊柱畸形，腰椎滑脱、腰椎管狭窄等腰椎退变的诊断和手术治疗。','1982-1989 北京协和医院外科、骨科 住院医师 主治医师 1989-1991 美国肯塔基州立大学医学院 shriner’s hospital 访问学者 1991-1995 美国加州大学尔湾分校医学院 骨科生物力学实验室 博士后 1995-至今 北京协和医院骨科 副教授 教授','姓名:王以朋性别:男学历:学士毕业院校:白求恩医科大学专业:骨科技术职称:教授导师资格:博士生导师1982-1989 北京协和医院外科、骨科 住院医师 主治医师1989-1991 美国肯塔基州立大学医学院 shriner’s hospital 访问学者1991-1995 美国加州大学尔湾分校医学院 骨科生物力学实验室 博士后1995-至今 北京协和医院骨科 副教授 教授医、教、研工作技术专长：脊柱侧弯，腰椎退变性疾病（椎间盘突出，椎管狭窄，腰椎滑脱等），脊柱肿瘤，骨质疏松等各种脊柱疾病“脊柱侧凸症的研究”，卫生部二等奖，（88）2-21',26,'static/images/doctor18.jpg','',NULL),(26,'姜玉新','男','教授 主任医师 博士研究生导师',' 超声造影、乳腺癌早期诊断、甲状腺结节超声诊断、血管与妇产科超声','姜玉新，北京协和医院超声诊断科主任医师、教授、博士生导师。中华医学会超声医学分会主任委员。北京协和—美国杰斐逊超声教育中心主任，中国医师协会超声医师分会副会长，亚洲超声医学与生物学联合会理事。','姜玉新，北京协和医院超声诊断科主任医师、教授、博士生导师。中华医学会超声医学分会主任委员。北京协和—美国杰斐逊超声教育中心主任，中国医师协会超声医师分会副会长，亚洲超声医学与生物学联合会理事。长期在医疗第一线工作，多年来主要承担疑难病例的超声会诊工作，解决了大量院内外疑难病例诊断问题。医疗与临床研究工作主要方向：超声造影、乳腺癌早期诊断、甲状腺结节超声诊断、血管与妇产科超声。主要研究成果：乳腺病变高频超声与超声引导术前定位，早期诊断、准确切除亚临床性乳腺癌，该方法使乳腺癌患者的预后明显改善。甲状腺、甲状旁腺疾病超声引导介入诊断与治疗工作，科室已成为该疾病的国内诊治中心。率先在国内开展了肝脏、肾脏、乳腺、甲状腺超声造影研究，建立相关方法，在常规彩色多普勒超声鉴别困难的恶性肿瘤诊断方面有进展。主持制定了我国第一个《产科超声检查指南》，对规范产科超声检查和提高产科超声检查质量有重要意义，在北京地区和全国产前诊断学习班做专题授课推广。',41,'static/images/doctor19.jpg','',NULL),(27,'李建初','男','超声医学科主任 教授 主任医师 博士研究生导师','技术全面，从事浅表器官（甲状腺、乳腺、淋巴结等）、腹部脏器、血管和妇产科等领域超声检查。','李建初，男，中国协和医科大学北京协和医院超声科主任、教授、主任医师、博士研究生导师。师从中华医学会超声分会主任委员著名超声医学专家张缙熙教授和姜玉新教授，分别于1993年和2008年获得超声医学硕士、博士学位。','李建初，男，中国协和医科大学北京协和医院超声科主任、教授、主任医师、博士研究生导师。师从中华医学会超声分会主任委员著名超声医学专家张缙熙教授和姜玉新教授，分别于1993年和2008年获超声医学硕士、博士学位。从事超声临床工作近30年，一直坚持超声教学和科研工作。技术较为全面，擅长浅表器官（甲状腺、乳腺、阴囊、淋巴结等）、腹部血管、颈部及四肢血管和腹部脏器超声检查。2001年和2011年分别在美国纽约大学医学院蒙萨拉医院和纪念斯隆-凯特琳癌症中心做访问学者。在中华医学会超声分会委员、中国医师协会浅表器官委员会主任委员、北京医师协会常务理事、北京市超声医学质量控制和改进中心主任等多个学会任职，任多家杂志编委。共发表专业论文80余篇，多篇论著发表于国外SCI期刊，如J Ultrasound Med，J Vasc Surg和J Clin Ultrasound 等杂志。主编专著4部，参与撰写10余部。主持国家和北京市自然科学基金5项，参与基金课题多项。获省部级科学技术进步奖4项。',41,'static/images/doctor20.jpg','',NULL),(28,'张青','女','超声医学科主任助理 副主任医师','腹部、妇产科、血管、浅表器官等各方面常见疾病及多种疑难疾病的超声诊疗','张青，女，副主任医师，毕业于华中科技大学同济医学院。自2004年起在北京协和医院超声诊断科工作，熟练掌握腹部、妇产科、血管、浅表器官等各方面常见疾病及多种疑难疾病的超声诊疗技术，胜任超声科门诊、病房、高干、外宾、介入等各个岗位的工作。具有北京市产前超声筛查资格。','张青，女，副主任医师，毕业于华中科技大学同济医学院。自2004年起在北京协和医院超声诊断科工作，熟练掌握腹部、妇产科、血管、浅表器官等各方面常见疾病及多种疑难疾病的超声诊疗技术，胜任超声科门诊、病房、高干、外宾、介入等各个岗位的工作。具有北京市产前超声筛查资格。受聘为北京医师协会超声专业专家委员会，任专业组秘书。参与“超声世界中国网”的建设，参与卫生部乳腺癌检查工作。发表专业论文10余篇，参与《超声疑难病例解析》《医学超声影像诊断学》等5部专业书籍的编写。参与国家自然科学基金2项。',16,'static/images/doctor17.jpg','123456',NULL),(29,'陈杰','男','教授 主任医师 博士研究生导师','疑难病理诊断',' 陈杰，1991年毕业于中国协和医科大学（现中国医学科学院北京协和医学院），毕业后从事病理学的医疗、教学、科研工作现任中国医学科学院北京协和医院病理科教授，博士生导师。中华医学会病理学分会名誉主任委员、中华医学会理事、北京医师协会检验与病理专家委员会主任委员、北京医师协会病理医师分会会长、北京医学会病理学分会主任委员、北京医学会理事、中国医师协会病理科医师分会副会长、国家卫计委病理质控及评价中心主任及专家委员会主任委员、全国病理医师定考专家委员会主任委员、中华病理学杂志总编辑、临床与实验病理学杂志及诊断病理学杂志副主编、基础医学与临床杂志临床主编、中国医学科学院学报编委、中国医学科学院学术委员会委员等','中国医学科学院北京协和医院病理科主任、副院长、副书记；卫生部病理质控中心主任委员；中国医师协会病理科医师分会副会长；北京医师协会病理与检验专业委员会主任委员；《中华病理学》杂志副总编；《临床与实验病理学》杂志副主编；《基础医学与临床医学》主编；《中国医学科学院学报》编委；《癌症》杂志编委；《BMJ》中文版编委；《胰腺病学》杂志编委；中国协和医科大学课程委员会委员；中国医学科学院中国协和医科大学学术委员会执行本委员会委员；分子生物学及基因工程分委会委员；中国医学科学院学位委员会第二临床分委会主席；中国协和医科大学学位委员会委员。《病理学》八年制统编教材人民卫生出版社，第一、二、三版；《临床病理学》国家卫生和计划生育委员会住院医师规范化培训规划教材，人民卫生出版社；《临床病理科诊断常规》中国医药科技出版社 2012 北京；《病理标本的检查及取材规范》2012 北京 中国协和医科大学出版社；《病理诊断免疫组化手册》2014，北京 中国协和医科大学出版社；《胰腺及壶腹部肿瘤的分类》中国科学技术出版社 北京 2001；《医家金鉴 病理学卷》，军事医学科学出版社；',42,NULL,'',NULL),(30,'卢朝辉','男','病理科副主任 教授 主任医师 硕士研究生导师','妇科病理、消化系统','卢朝辉，2002年毕业于中国协和医科大学（现中国医学科学院北京协和医学院），毕业后从事病理学的医疗、教学、科研工作。 现任中国医学科学院北京协和医院病理科副主任，硕士研究生导师。中华医学会病理学分会委员、副秘书长、常务委员、中国老年医学学会病理分会会长、中华医学会病理学分会儿科病理学组 组长、国家病理质控中心专家委员会委员、秘书、国家病理质控中心免疫组化质控组组长、国家食品药品监管总局医疗器械分类技术委员会委员、中国医学装备学会病理学专委会常委、《中华病理学杂志》编委、《诊断病理学杂志》编委、《基础医学与临床》 编委、《临床与实验病理学杂志》 常务编委、《中华胰腺病学杂志》 编委、《英国医学杂志中文版》 通讯编委、国家...','曾任：卫生部规划全国医学院校八年制《病理学》教材第一、二版编委兼教材编写秘书；副主编：《图解风湿病学》；参编：《病理学》教材 第一、二、三版；《临床病理科诊断常规》；《临床病理学》；《医家金鉴》；《病理学高级教程》；《病理诊断免疫组化手册》；《病理标本的检查及取材规范》；负责国家卫计委病理质控中心的全国乳腺癌及胃癌Her2室间质评项目，自2010年起每年2轮，约600家医院参加，共发放评测质控切片30000余张。200余家医院获得了质评合格证书；主持6轮全国免疫组化室间质评，约300家医院参加，发放及评测切片2000余张；作为主要组织者，负责国家卫计委全国远程病理会诊试点工作。目前该网络共有600余家医院加入，累计会诊切片10万余例，是已知的世界范围内最大的远程病理会诊平台；从事胰腺癌蛋白质组研究，建立了正常胰腺组织、胰腺癌组织蛋白质组数据库，建立了胰腺癌病人胰液、血清的蛋白质组数据库；多次被邀请在中国临床肿瘤学年会（CSCO）乳腺癌专场做专题报告；作为全国病理专家组成员制订2009年版、2014年版《中国乳腺癌Her2检测专家共识》以及多个行业规范及专家共识；多次为原卫生部及国家卫计',42,NULL,'',NULL),(31,'周道斌','男','主任医师 教授','血液系统肿瘤（白血病、骨髓瘤和淋巴瘤等），自体及异基因造血干细胞移植','周道斌，男，血液内科主任医师，博士生导师。现任血液内科主任。担任中华医学会血液学分会副主任委员、中华医学会血液学会北京分会主任委员','周道斌，男，血液内科主任医师，教授，现任北京协和医院血液内科副主任，博士生导师。1987年毕业于华西医科大学，1992年获中国协和医科大学医学博士学位。1998-2000年在美国加州大学洛杉矶分校进行博士后工作。毕业后历任协和医院住院医师、主治医师、副主任医师和主任医师，北京医学会血液分会副主任委员，中华医学会血液分会委员，中华医学会医学细胞生物学分会第三届委员会委员和中国免疫学会血液免疫专业委员会秘书。还担任《基础医学与临床》、《国外医学-移植与血液净化分册》、和中华临床营养杂志等多本杂志的编委。 擅长于血液系统肿瘤（白血病、骨髓瘤和淋巴瘤等），自体及异基因造血干细胞移植 ',6,'static/images/doctor17.jpg','123456',NULL),(32,'段明辉','男','主任医师 教授','血液系统常见病（血液肿瘤、红细胞疾病等）、疑难病（Castleman病、POEMS综合征等）和造血干细胞移植','段明辉，男，主任医师，擅长急慢性白血病,淋巴瘤,贫血,干细胞移植，骨髓瘤，骨髓增殖性肿瘤（骨髓纤维化、真红、血小板增多症等等）','段明辉，男，北京协和医院血液内科副主任医师。1994年毕业于中山医科大学，2008年获得中国协和医科大学医学博士学位。 从事临床工作14年，擅长于各类血液肿瘤及造血干细胞移植。',6,'static/images/doctor18.jpg','123456',NULL),(33,'张命','男','内科学系主任 主任医师 教授 博士研究生导师','擅长诊治系统性红斑狼疮、干燥综合征、类风湿关节炎、脊柱关节病、系统性血管炎等各种风湿免疫病。','张奉春，1954年10月生，北京协和医院主任医师，教授，博士生/博士后导师，享受国务院特 殊津贴。现任中国医学科学院北京协和医院内科学系主任，北京协和医学院内科学系主任， 北京医师协会风湿免疫分会及内科分会会长，国家药典委员会委员，全国内科住院医师规培 委员会副主任委员。曾任北京协和医院风湿免疫科主任，中华医学会风湿病学分会第六、七 届主任委员，中国医师协会风湿免疫专科医师分会第一二届会长。','张奉春，1954年10月生，北京协和医院主任医师，教授，博士生/博士后导师，享受国务院特殊津 贴。现任中国医学科学院北京协和医院内科学系主任，北京协和医学院内科学系主任，北京医师 协会风湿免疫分会及内科分会会长，国家药典委员会委员，全国内科住院医师规培委员会副主任 委员。曾任北京协和医院风湿免疫科主任，中华医学会风湿病学分会第六、七届主任委员，中国 医师协会风湿免疫专科医师分会第一二届会长。1982年毕业于北京医科大学（现北京大学医学部）， 1987年始从事风湿免疫病学专业，1993-1995年在美国做博士后研究。 主要研究方向是原发性干 燥综合征及原发性胆汁性胆管炎的发病机制。近年来承担十一五、十二五重大新药创制课题、十 一五国家科技支撑计划课题、卫生部重点学科基金、卫计委（原卫生部）卫生公益性行业专项首 席科学家及多项国家自然基金等项目。主编多部学术专著，包括《风湿免疫病学》、《干燥综合 征》、《风湿病诊疗指南》、《北京协和医院内科大查房》、国家重点出版工程《中华医学百科 全书》风湿免疫病学卷、国家卫生和计划生育委员会住院医师规范化培训规划教材《内科学：风 湿免疫分册》等。2005',7,'static/images/doctor1.png','111111',1),(34,'刘晓','女','内科学系常务副主任 教授 主任医师 博士研究生导师','刘晓清，主任医师，教授，博士研究生导师，内科学系常务副主任。长期从事感染性疾病诊治工作。英国牛津大学Nuffield 临床医学系（John Radcliffe 医院）访问学者（Visiting Research Fellow)。对发热性疾病鉴别诊断、各种感染性疾病（包括复杂疑难感染、病毒性肝炎、结核病等）诊治及抗微生物药物合理选择与应用积累了丰富经验。','刘晓清，主任医师，教授，博士研究生导师，内科学系常务副主任。长期从事感染性疾病诊治工作。英国牛津大学Nuffield 临床医学系（John Radcliffe 医院）访问学者（Visiting Research Fellow)。对发热性疾病鉴别诊断、各种感染性疾病（包括复杂疑难感染、病毒性肝炎、结核病等）诊治及抗微生物药物合理选择与应用积累了丰富经验。',' 刘晓清，主任医师，教授，博士研究生导师，内科学系常务副主任。长期从事感染性疾病诊治工作。英国牛津大学Nuffield 临床医学系（John Radcliffe 医院）访问学者（Visiting Research Fellow)。对发热性疾病鉴别诊断、各种感染性疾病（包括复杂疑难感染、病毒性肝炎、结核病等）诊治及抗微生物药物合理选择与应用积累了丰富经验。',7,'static/images/doctor-3.jpg','222222',1),(35,'邢小平','女','内分泌科教研室主任 教授 主任医师 博士生导师','内分泌和代谢性疾病','邢小平，主任医师，博士生导师。1984年始于北京协和医院内分泌科从事临床工作。擅长内分泌代谢疾病的诊治。作为课题负责人主持国家自然科学基金项目，作为主要参加人及分课题负责人参加了美国中华医学基金(CMB)、国家 “九·五”、 “十·五”、 “十一·五”科技攻关项目等多项课题的研究。曾以主要参加人身份获国家科技进步二等奖二项，卫生部医药卫生科技进步一、二、三等奖各一项。','邢小平，主任医师，博士生导师。1984年始于北京协和医院内分泌科从事临床工作。擅长内分泌代谢疾病的诊治。作为课题负责人主持国家自然科学基金项目，作为主要参加人及分课题负责人参加了美国中华医学基金(CMB)、国家 “九·五”、 “十·五”、 “十一·五”科技攻关项目等多项课题的研究。曾以主要参加人身份获国家科技进步二等奖二项，卫生部医药卫生科技进步一、二、三等奖各一项。学术任职：曾任中华医学会内分泌学分会委员兼秘书长；现任中国医师协会内分泌代谢科医师分会副会长，北京医学会骨质疏松和骨矿盐疾病分会主任委员，北京医师协会内分泌专科医师分会主任委员，中华预防医学会糖尿病预防与控制分会副主任委员。',7,'static/images/patients-1.jpg','333333',1),(36,'严伟','男','内科学系副主任 教授 主任医师 博士研究生导师','临床工作着重于各种心血管病危险因子（高血压、脂质代谢异常、糖尿病等）的防治、心力衰竭诊治、血栓栓塞性疾病的抗凝和抗血小板治疗、动脉粥样硬化心脑血管病的一级预防和二级预防、以及全身性疾病累及心脏的诊治等。主要研究领域包括：脂质代谢异常、动脉粥样硬化发病机制及预防和心血管病临床药理。','1985年7月毕业于上海医科大学医学系。1990年6月在中国协和医科大学获医学博士学位。2002年6月晋升为北京协和医院心内科主任医师、教授。1995年9月至1998年4月在瑞士苏黎世大学医院心内科进行博士后研究，主要从事心血管临床药理和血管内皮功能方面的研究。在国内外医学杂志共发表综述和论著120余篇，著书约80万余字,主编/主译专著5部(其中副主编2部)。现任北京协和医院心内科副主任，博士研究生导师，中华医学会理事，卫生部心血管病防治研究中心专家委员会委员，中国老年学学会心脑血管病专业委员会常务理事，中华医学会心血管病分会动脉粥样硬化与冠心病学组成员，中国医师学会心血管病分会专家委员会委员，中华医学会科学普及分会第八届委员会委员，中国医师学会高血压...','1985年7月毕业于上海医科大学医学系。1990年6月在中国协和医科大学获医学博士学位。2002年6月晋升为北京协和医院心内科正主任医师、教授。1995年9月至1998年4月在瑞士苏黎世大学医院心内科进行博士后研究，主要从事心血管临床药理和血管内皮功能方面的研究。在国内外医学杂志共发表综述和论著120余篇，著书约80万余字,主编/主译专著5部(其中副主编2部)。现任北京协和医院心内科副主任，内科学系副主任，博士研究生导师，中华医学会理事，卫生部心血管病防治研究中心专家委员会委员，中国老年学学会心脑血管病专业委员会常务理事，中华医学会心血管病分会动脉粥样硬化与冠心病学组成员，中国医师学会心血管病分会专家委员会委员，中华医学会科学普及分会第八届委员会委员，中国医师学会高血压病分会专家委员会委员，备战2012年伦敦奥运会国家队医疗专家。',8,'static/images/doctor-2.jpg','444444',1),(37,'李航','男','内科学系副主任 主任医师 教授 硕士研究生导师','慢性肾炎，IgA肾病，膜性肾病，狼疮性肾炎，糖尿病肾病，高血压肾损害。','主任医师、教授，硕士研究生导师，北京医师协会肾脏病分会副会长，北京内科医师协会常务理事。擅长各种原发、继发肾小球疾病的症状，主要从事肾脏病理和肾小球疾病治疗方面的研究','1993年毕业于北京医科大学，毕业后一直在北京协和医院内科工作，任住院医师，住院总医师。2000年毕业于中国协和医科大学，获医学博士学位，继续在北京协和医院肾内科工作，先后任肾内科主治医师，副主任医师，主任医师，教授。2002－2003年 作为访问学者于英国伦敦大学学院皇家自由医院肾内科学习工作。2003-2014年任北京协和医院肾内科副主任。2014年起任北京协和医院内科学系副主任。2005年被中国协和医科大学聘为硕士研究生导师。2012起任北京医师协会肾脏病分会副会长，北京内科医师协会常务理事，主要从事各种原发和继发性肾脏病的临床诊治工作。擅长难治性肾病综合征，IgA肾病，狼疮性肾炎，高血压肾损害和糖尿病肾病等疾病的治疗。科研方面，主要从事肾脏病理和肾小球疾病治疗方面的研究。2000年以来以第一作者或通讯作者在国外和国内核心刊物上发表论文共50余篇，其中论著30余篇。',8,'static/images/doctor-4.jpg','555555',1),(38,'方理刚','男','主任医师，教授，博士研究生导师，心内科常务副主任','心力衰竭、心肌病、冠心病、高血压等诊治以及超声心动图诊断疑难成人心血管病。','主任医师，教授，博士研究生导师，心内科常务副主任。 长期从事心血管内科的临床、科研、教学和医疗保健工作。在应用超声心动图诊断各种心血管疾病方面有20余年的临床经验。','方理刚，北京协和医院心内科主任医师、教授、内科学博士，博士生导师，心内科副主任。本科毕业于浙江大学医学院医学系，在中国协和医科大学获得内科学硕士及博士学位。2005年曾在美国UAB医学院附属医院心内科做Research Fellow。在北京协和医院经历了严格的内科临床训练，有扎实的内科学基础。长期从事心血管内科的临床、科研、教学和医疗保健工作。讲授北京协和医学院8年制医学生课程（心力衰竭心肌病、心脏瓣膜病、感染性心内膜炎、超声心动图的临床应用等）。超声心动图诊断各种心血管疾病方面有20余年的临床经验。和心内科同事建立了北京协和医院心内科心衰团队，设立了心衰心肌病门诊。对心肌梗死、各类心肌病、高血压等引起的心力衰竭的诊治具有丰富的经验。在《中华心血管病杂志》、《Eur Heart J》、《J Am Soc Echocardiogr》、《Eur Heart J Cardiovasc Imaging》、《Echocardiography》、《Circulation Journal》等杂志至今发表大量中英文文章, 近10年余一直主持《中国心血管杂志》心血管疑难病例解析专栏。参与撰写20本专业著',8,'static/images/doctor-5.jpg','666666',1),(39,'沈珠军','男','主任医师 教授 硕士研究生导师 心内科副主任','冠心病介入治疗及其随访','沈珠军，男，主任医师，教授，心血管内科专业，心内科副主任。于1996年进入心内科并开始参加心内科的各项临床工作。2000年晋升副主任医师。2006年晋升主任医师。','沈珠军，男，主任医师，教授，心内科副主任，心血管内科专业。专业特长：冠心病临床及介入治疗。1966年出生于上海，1984年上海市松江二中高中毕业，就读中国协和医科大学（医预科2.5年在北京大学生物系），1992年师从吴宁教授完成博士论文《病态窦房结综合症患者文氏点的变化》毕业，获医学博士学位。同年进北京协和医院内科工作，历经内科住院医师、总住院医师训练，于1996年进入心内科并开始参加心内科的各项临床工作。1998年获胡应舟基金资助到香港大学玛丽医院心内科进修冠脉介入及外周血管介入治疗，1999年初回北京协和医院，长期从事临床及冠脉介入工作。2000年晋升副主任医师。2006年晋升主任医师。2008年到荷兰Erasmus大学胸科中心进修临床研究。至今独立完成冠脉介入治疗3000余例，外周介入治疗累计200余例。参与心内科有关冠心病的各方面研究，国内一级杂志发表文章40余篇,国际杂志文章8篇。有关“冠脉内超声的临床应用研究”获北京市科技进步二等奖。现为《临床内科杂志》编委，《中华内科杂志》通讯编委。中华心血管病协会青年委员。',8,'static/images/2.jpg','777777',1),(40,'陈未','女','副主任医师 副教授 心内科副主任兼帅府病房主任',' 冠心病、高血压、心衰、心肌病变的诊治，超声心动图检查','副主任医师，副教授，心内科副主任兼帅府病房主任。主要擅长冠心病、高血压、心肌病变的诊治','副主任医师，副教授，硕士生导师，心内科副主任兼帅府病房主任，临床专长：冠心病、高血压、心衰、心肌病变的诊治，超声心动图检查。1997年毕业于华西医科大学临床医学专业，2006年获得北京协和医院心血管专业博士学位。2009-2011年作为博士后在Frangogiannis教授实验室进行心肌梗死后心肌修复、炎症调控及心室重构方面的研究，1997年至今一直在北京协和医院心内科从事一线临床、教学和科研工作。已发表论文十余篇。主持和参与各类科研、教学项目基金十多项。',9,'static/images/1.jpg','888888',1),(41,'郭潇潇','女','副主任医师 硕士研究生导师 心内科主任助理','高血压、心肌病、心力衰竭、冠心病、肺高压','郭潇潇，女，心血管内科副主任医师，心内科主任助理。2004年毕业于中国协和医科大学8年制临床医学专业，获得医学博士学位，后在美国哥伦比亚大学医学院作博士后研究1年。毕业至今在北京协和医院工作。对常见心血管疾病如高血压、冠心病、心力衰竭有丰富经验，擅长诊治疑难少见的心血管疾病或累及心血管系统的全身性疾病，同时在成人超声心动图的临床诊断和应用及心肌病的临床和发病机制方面有深入研究。在国内外期刊发表文章二十余篇，报道了多例罕见心血管疾病及新发致病基因突变，主持和参与国家自然科学基金等多个科研项目。','郭潇潇，女，心血管内科副主任医师，心内科主任助理。2004年毕业于中国协和医科大学8年制临床医学专业，获得医学博士学位，后在美国哥伦比亚大学医学院作博士后研究1年。毕业至今在北京协和医院工作。对常见心血管疾病如高血压、冠心病、心力衰竭有丰富经验，擅长诊治疑难少见的心血管疾病或累及心血管系统的全身性疾病，同时在成人超声心动图的临床诊断和应用及心肌病的临床和发病机制方面有深入研究。在国内外期刊发表文章二十余篇，报道了多例罕见心血管疾病及新发致病基因突变，主持和参与国家自然科学基金等多个科研项目。',9,'static/images/3.jpg','999999',1),(42,'罗慰慈','男','主任医师 教授',' 各种呼吸系统疑难病','罗慰慈，呼吸内科学教授，男，1924年生，福建福州人。1948年毕业于福建协和大学生物系，1953年毕业于北京中国协和医学院医本科。1955～1956年任北京协和医院内科总住院医师，1957年任主治医师，1979年任主任医师，1983年任北京协和医院内科副主任，1985～1986年任北京协和医院内科主任、教授，博士研究生导师。1959～1960年曾在北京中医学院和南京中医学院学习中医两年。1983年曾在美国约翰霍浦金斯医学院和俄立冈医学科学中心任访问学者','罗慰慈教授是我国著名的呼吸病学家和临床医学家，长期从事呼吸内科医疗、教学和科研工作。在呼吸内科专业领域内工作已经有50余年，对内科呼吸病如结节病、肺军团菌病等呼吸道感染、支气管哮喘、慢性阻塞性肺疾病、肺部肿瘤，急性和慢性呼吸衰竭等病症有较为深入的研究。曾经承担国家“七•五”攻关课题，“当归对缺氧性肺动脉高压的作用”，国家教委博士点研究课题，“血管活性肠肽对低氧性肺动脉的作用研究”，国家自然科学基金研究课题，“伯舒螺旋体，Borrelia burgdoferi，与结节病病原学的研究”。已经发表论文84篇，主编《内科临床指导》、《现代呼吸病学》、《协和医学词典》，参加编写吴英恺教授主编的《胸部疾病》，朱贵卿教授主编的《呼吸内科学》，陈敏章教授主编的《中华内科学》，方圻教授主编的《现代内科学》以及叶世泰教授主编的《变态反应学》等专著。曾经获得1984年和1991年中国医学科学院科学技术进步奖和1999年国家卫生部科学技术进步二等奖。1957年和1982年被评为先进工作者，1985年被评为北京市劳动模范。后来罗慰慈教授被评为有贡献的医学专家而接受国家特殊津贴。曾立三等功一次（1954年，由中央',9,'static/images/4.jpg','000000',1),(43,'朱元珏','女','主任医师 教授 博士研究生导师','各种呼吸系统疾病，特别是弥漫性间质性肺病及呼吸生理心理疾病',' 朱元珏教授，女，1932年出生，安徽旌德籍。1948-1951年在燕京大学医预系学习，1956年毕业于中国协和医学院医疗系。1956年以来一直在北京协和医院工作，先后任内科住院医师、总住院医师、主治医师、副研究员、和主任医师。1985年起任中国协和医科大学教授。1979-1982年赴美国哈佛大学麻省总医院肺科作访问学者。回国后曾任北京协和医院呼吸科主任和北京协和医院内科学系主任。现任北京协和医院呼吸科教授、主任医师。现任中华结核和呼吸杂志及国际呼吸杂志资深编委和 Journal of COPD编委。并担任中央保健委员会专家组专家和中国药监局新药评审专家。1986年获卫生部有突出贡献科技工作者称号。1991年获国务院颁发的政府特殊津贴。','朱元珏教授曾任中华医学会呼吸分会第四届主任委员（1995-2000），中华结核和呼吸杂志总编辑（1992-2001年）。并曾经在北京医学会呼吸专业委员会中担任多届委员。这段时间正是我国各项工作处于转型时期，也是呼吸学科快速发展的时期。在朱元珏教授的主持下，积极改进中华结核和呼吸杂志的栏目设置，不断提高所刊论文水准，严格按照稿件质量选用论文，并于1998年从双月刊扩增为单月刊，容量和质量均达到了新的高度。朱元珏教授通过组织各种呼吸专科学术会议，促进学科交流和研究，并积极推动规范化的呼吸疾病的诊治，组织制定并出版了多项诊断和治疗常规。1996年，亚太呼吸病学年会在北京成功召开，这是当时国内规模最大的国际呼吸学术会议，对我国呼吸病学的发展有积极的推动作用。同时，朱元珏教授深刻认识到人才培养和专业队伍的建设的重要性，在她的鼓励和支持下，北京青年呼吸学者沙龙于1996年成立，随后，各地青年学者也开展了相似的沙龙活动，不仅促进了学术交流，更培养了一批呼吸学术骨干。朱元珏教授为我国呼吸病学的发展起了重要的推动作用。朱元珏教授长期从事呼吸内科的医疗、教学和科研工作。在内科和呼吸系疾病有着丰富的临床经验',11,'static/images/doctor4.jpg','',1),(44,'林耀广','男','主任医师 教授','各种呼吸系统疑难病',' 林耀广，北京协和医院内科学教授，男，1938年出生于广东潮州。1958~1964年就读于中山医科大学医疗系（六年制）。1994年任硕士研究生导师，1996年任博士研究生导师',' 从事内科和呼吸疾病的临床、教学与科研38年，有丰富的临床经验和现代基础医学知识。1992年回国后主要从事肺血管通透性损伤和支气管哮喘的基础和临床研究工作，在呼吸内科的其他领域，如结节病、肺间质病、呼吸衰竭、肺功能学、支气管镜学、下呼吸道感染、不典型结核病、肺癌等的诊治也有丰富的临床经验。',11,'static/images/doctor2.jpg','',1),(45,'杨爱明','男','消化内科主任 内镜中心主任 教授 主任医师 博士研究生导师','食管胃底静脉曲张，胃早期癌，胆石症，胰腺癌，慢性胰腺炎，胆管癌，ERCP，超声内镜，内镜下微创治疗','杨爱明，男，博士研究生导师，主任医师，教授。现任北京协和医院消化内科主任，消化内镜培训中心主任。兼任第十二届全国政协委员，中央保健会诊专家，中华医学会消化内镜学分会副主任委员、中华医学会消化内镜分会胃疾病学组组长，中华医学会北京市消化内镜分会副主任委员，中国医师协会介入医师分会消化内镜专业委员会副主任，中国医师协会精准医学分会委员，中华消化内镜杂志副主编，中华临床医师杂志、中国执业药师杂志等多本杂志编委。',' 杨爱明现任北京协和医院消化内科主任，消化内镜培训中心主任。兼任第十二届全国政协委员，中央保健会诊专家，中华医学会消化内镜学分会副主任委员、中华医学会消化内镜分会胃疾病学组组长，中华医学会北京市消化内镜分会副主任委员，中国医师协会介入医师分会消化内镜专业委员会副主任，中国医师协会精准医学分会委员，中华消化内镜杂志副主编，中华临床医师杂志、中国执业药师杂志等多本杂志编委。 曾经在香港中文大学、德国汉堡大学和日本神户大学等地学习了ERCP、超声内镜、超声内镜引导下穿刺技术、内镜治疗技术、内镜下消化道早期癌的诊断、早期癌治疗等。多年来完成大量的内镜诊治工作，包括胃镜、结肠镜、超声内镜和ERCP等；开展多种内镜下治疗新技术包括EMR、ESD技术，超声内镜引导下穿刺技术，胰腺假性囊肿的内镜下引流技术，胆管内超声检查术等。是我国最早开展内镜超声应用与研究工作的医生之一。 2009年开始组织国内9个中心的课题“胃早期癌及癌前病变内镜诊治多中心技术体系建立和应用研究”获得“十二五”国家科技支撑计划资助。2014年“胃早癌筛查”获北京市科委重大课题资助。2016胃早期癌诊断多中心研究获“十三五”资助。在',11,'static/images/doctor3.jpg','',1),(46,'李景南','男','消化内科副主任 主任医师 教授 博士研究生导师','结肠息肉的治疗、结直肠癌的筛查和预防、慢性胰腺炎、胃肠胰腺神经内分泌肿瘤、溃疡性结肠炎','李景南，男，博士，消化内科副主任，主任医师，教授，博士生导师。中国医师协会消化病医师分会副会长；中华医学会北京消化病分会常委。1992年于山东医科大学临床医学专业毕业后分配至北京协和医院内科工作至今。1995年因优秀住院医师直接考取本院消化内科博士研究生，1999年7月获博士学位，2001年至2004年期间作为访问学者赴美国哈佛医学院麻省总医院消化科工作，主要在结肠息肉及结直肠癌的癌变机制、临床筛查和预防方面做了大量的研究工作。承担多项国家和省部级研究课题，参与多项全国和亚太指南的编写。','李景南现任中国医师协会消化病医师分会副会长；中华医学会北京消化病分会常委；中华医学会消化病分会肿瘤协作组副组长；胃肠动力及调节肽学组、肠道微生态学组委员；中国医师协会中西医结合分会消化疾病专业委员会副主任委员；中国医促会消化病学分会副主任委员；北京中西医结合学会大肠肛门病专业委员会副主任委员1992年山东医科大学临床医学专业毕业后分配至北京协和医院工作至今，历任内科住院医师、总住院医师、消化内科主治医师、副主任医师、主任医师、教授。1995年由优秀住院医师推荐直接考取本院消化内科博士研究生，1999年获博士学位。2001年至2004年期间作为访问学者赴美国哈佛医学院麻省总医院消化科进修，主要在结肠息肉治疗和结直肠癌筛查、预防以及癌变机制方面进行了大量研究工作。长期在临床一线工作，对消化系统常见疾病和疑难疾病的诊断和治疗具有丰富的临床经验。参与了亚太结直肠癌筛查指南、全国大肠癌筛查预防和治疗共识指南、全国胃肠胰腺神经内分泌肿瘤内科诊治共识的制定。目前主要针对结直肠癌的筛查和预防以及溃疡性结肠炎癌变机制和预防方面进行重点研究，作为课题负责人承担多项国家自然基金、北京市自然基金、北京市科委、',11,'static/images/doctor5.jpg','',1);

/*Table structure for table `m_user` */

DROP TABLE IF EXISTS `m_user`;

CREATE TABLE `m_user` (
  `uid` int(11) NOT NULL AUTO_INCREMENT,
  `username` varchar(500) NOT NULL,
  `password` varchar(500) NOT NULL,
  `role` int(11) DEFAULT NULL,
  PRIMARY KEY (`uid`)
) ENGINE=InnoDB AUTO_INCREMENT=7 DEFAULT CHARSET=utf8;

/*Data for the table `m_user` */

insert  into `m_user`(`uid`,`username`,`password`,`role`) values (1,'doctor1','123',1),(2,'doctor2','123',1),(3,'admin','123',2),(4,'patient1','123',3),(5,'patient2','123',3),(6,'aaa','111',3);

/*Table structure for table `order` */

DROP TABLE IF EXISTS `order`;

CREATE TABLE `order` (
  `pid` int(11) NOT NULL AUTO_INCREMENT COMMENT '病人id',
  `name` varchar(20) NOT NULL COMMENT '病人性别',
  `sex` char(4) DEFAULT NULL COMMENT '病人姓名',
  `age` int(11) NOT NULL COMMENT '病人年龄',
  `department` varchar(50) DEFAULT NULL COMMENT '预约的科室',
  `doctorName` varchar(50) DEFAULT NULL COMMENT '预约医生的姓名',
  `phone` varchar(11) DEFAULT NULL COMMENT '病人的联系电话',
  `orderTime` date DEFAULT NULL COMMENT '预约的时间',
  `doctorId` int(11) DEFAULT NULL COMMENT '医生id',
  `status` int(11) DEFAULT NULL COMMENT '预约状态',
  `uid` int(11) DEFAULT NULL,
  `rstatus` varchar(11) DEFAULT NULL,
  PRIMARY KEY (`pid`),
  KEY `FK_order` (`doctorId`),
  KEY `FK_order1` (`uid`),
  CONSTRAINT `FK_order` FOREIGN KEY (`doctorId`) REFERENCES `doctor` (`did`),
  CONSTRAINT `FK_order1` FOREIGN KEY (`uid`) REFERENCES `user` (`uid`)
) ENGINE=InnoDB AUTO_INCREMENT=34 DEFAULT CHARSET=utf8;

/*Data for the table `order` */

insert  into `order`(`pid`,`name`,`sex`,`age`,`department`,`doctorName`,`phone`,`orderTime`,`doctorId`,`status`,`uid`,`rstatus`) values (18,'张三','男',21,'心内科','刘晓清','12345678900','2018-09-08',2,1,1,'1'),(22,'张三','男',21,'内科学系','刘晓清','12345678909','2018-09-12',2,2,1,'1'),(23,'张三','男',21,'内科学系','刘晓清','13567899876','2018-09-09',2,2,1,'1'),(24,'张三','男',21,'内科学系','张青','13567899876','2018-09-15',28,2,1,'1'),(25,'张三','男',21,'内科学系','张青','13567899876','2018-09-13',28,0,1,'1'),(26,'芙蓉','女',18,'神经科','张青','13567899876','2018-09-10',28,0,3,'1'),(27,'张三','男',21,'内科学系','刘晓清','13567899876','2018-09-10',2,0,1,'1'),(29,'芙蓉','女',18,'内科学系','张奉春','12345678909','2018-09-06',1,2,3,'1'),(30,'芙蓉','男',90,'内科学系','张奉春','13567899876','2018-09-05',1,2,3,NULL),(31,'成玉婷','女',21,'内科学系','刘晓清','13567899876','2018-09-10',2,0,21,NULL),(32,'成玉婷','女',21,'内科学系','张奉春','13567899876','2018-09-10',1,0,21,NULL),(33,'成玉婷','女',21,'内科学系','张奉春','13567899876','2018-09-10',1,0,21,NULL);

/*Table structure for table `record` */

DROP TABLE IF EXISTS `record`;

CREATE TABLE `record` (
  `rid` int(11) NOT NULL AUTO_INCREMENT,
  `did` int(11) DEFAULT NULL,
  `pid` int(11) DEFAULT NULL,
  `symptom` varchar(1000) DEFAULT NULL,
  `diagnosis` varchar(1000) DEFAULT NULL,
  `prescription` varchar(1000) DEFAULT NULL,
  `createdate` varchar(100) DEFAULT NULL,
  `rstatus` int(255) NOT NULL,
  PRIMARY KEY (`rid`),
  KEY `fk_rp` (`pid`),
  KEY `fk_rd` (`did`),
  CONSTRAINT `FK_record` FOREIGN KEY (`did`) REFERENCES `doctor` (`did`)
) ENGINE=InnoDB AUTO_INCREMENT=28 DEFAULT CHARSET=utf8;

/*Data for the table `record` */

insert  into `record`(`rid`,`did`,`pid`,`symptom`,`diagnosis`,`prescription`,`createdate`,`rstatus`) values (1,1,1,'上呼吸道感染简称上感，又称普通感冒。是包括鼻腔、咽或喉部急性炎症的总称。广义的上感不是一个疾病诊断，而是一组疾病，包括普通感冒、病毒性咽炎、喉炎、疱疹性咽峡炎、咽结膜热、细菌性咽-扁桃体炎。狭义的上感又称普通感冒，是最常见的急性呼吸道感染性疾病，多呈自限性，但发生率较高。成人每年发生2～4次，儿童发生率更高，每年6～8次。全年皆可发病，冬春季较多。','具有清热解毒和抗病毒作用的中药亦可选用，有助于改善症状，缩短病程。小柴胡冲剂、板蓝根冲剂应用较为广泛。','除菌喷剂','20170909',1),(2,2,2,'上呼吸道感染简称上感，又称普通感冒。是包括鼻腔、咽或喉部急性炎症的总称。广义的上感不是一个疾病诊断，而是一组疾病，包括普通感冒、病毒性咽炎、喉炎、疱疹性咽峡炎、咽结膜热、细菌性咽-扁桃体炎。狭义的上感又称普通感冒，是最常见的急性呼吸道感染性疾病，多呈自限性，但发生率较高。成人每年发生2～4次，儿童发生率更高，每年6～8次。全年皆可发病，冬春季较多。','具有清热解毒和抗病毒作用的中药亦可选用，有助于改善症状，缩短病程。小柴胡冲剂、板蓝根冲剂应用较为广泛。','除菌喷剂','20170909',2),(3,3,3,'龋病俗称虫牙、蛀牙，是细菌性疾病，可以继发牙髓炎和根尖周炎，甚至能引起牙槽骨和颌骨炎症。如不及时治疗，病变继续发展，形成龋洞，终至牙冠完全破坏消失，其发展的最终结果是牙齿丧失。龋病特点是发病率高，分布广。是口腔主要的常见病，也是人类最普遍的疾病之一，世界卫生组织已将其与肿瘤和心血管疾病并列为人类三大重点防治疾病。','龋病治疗的目的在于终止病变过程，恢复牙齿的固有形态和功能。','西帕依固龈液','20180101',3),(4,4,4,'发热症状描述：诱因，发热，最高体温，热型，持续时间，是否需药物干预，\n有无畏寒、寒战，有无皮疹，有无关节痛，有无午后潮热盗汗，有无体重明显减轻，有无口腔溃疡，有无脱发，有无咳嗽咳痰，有无解稀烂便。 ','具有清热解毒和抗病毒作用的中药亦可选用，有助于改善症状，缩短病程。小柴胡冲剂、板蓝根冲剂应用较为广泛。','除菌喷剂','20170909',1),(5,5,5,'发热体征描述：结膜充血、单纯疱疹、淋巴结肿大、肝脾肿大、出血、关节\n肿痛、皮疹、昏迷。','具有清热解毒和抗病毒作用的中药亦可选用，有助于改善症状，缩短病程。小柴胡冲剂、板蓝根冲剂应用较为广泛。','除菌喷剂','20170909',2),(6,6,6,'水肿体征描述：HR，R，甲状腺体征，有无发绀、黄疸、肝颈静脉回流征，\n心界、肝肿大、心跳缓慢，双下肢对称性轻/中/重度凹陷性浮肿。','龋病治疗的目的在于终止病变过程，恢复牙齿的固有形态和功能。','西帕依固龈液','20180101',3),(7,7,7,'血尿体征描述：肾区叩痛、水肿、肾肿块、皮肤黏膜及其他部位出血。','具有清热解毒和抗病毒作用的中药亦可选用，有助于改善症状，缩短病程。小柴胡冲剂、板蓝根冲剂应用较为广泛。','除菌喷剂','20170909',1),(8,8,8,'由于过度疲劳、精神紧张、姿势不良等原因引起颅顶肌、颞肌和颈肌持续收缩而产生的慢性头痛。','具有清热解毒和抗病毒作用的中药亦可选用，有助于改善症状，缩短病程。小柴胡冲剂、板蓝根冲剂应用较为广泛。','除菌喷剂','20170909',2),(9,9,9,'血尿体征描述：肾区叩痛、水肿、肾肿块、皮肤黏膜及其他部位出血。','龋病治疗的目的在于终止病变过程，恢复牙齿的固有形态和功能。','西帕依固龈液','20180101',3),(10,10,10,'血尿体征描述：肾区叩痛、水肿、肾肿块、皮肤黏膜及其他部位出血。','具有清热解毒和抗病毒作用的中药亦可选用，有助于改善症状，缩短病程。小柴胡冲剂、板蓝根冲剂应用较为广泛。','除菌喷剂','20170909',1),(11,11,11,'血尿体征描述：肾区叩痛、水肿、肾肿块、皮肤黏膜及其他部位出血。','具有清热解毒和抗病毒作用的中药亦可选用，有助于改善症状，缩短病程。小柴胡冲剂、板蓝根冲剂应用较为广泛。','除菌喷剂','20170909',2),(12,12,12,'血尿体征描述：肾区叩痛、水肿、肾肿块、皮肤黏膜及其他部位出血。','龋病治疗的目的在于终止病变过程，恢复牙齿的固有形态和功能。','西帕依固龈液','20180101',3),(13,13,13,'血尿体征描述：肾区叩痛、水肿、肾肿块、皮肤黏膜及其他部位出血。','具有清热解毒和抗病毒作用的中药亦可选用，有助于改善症状，缩短病程。小柴胡冲剂、板蓝根冲剂应用较为广泛。','除菌喷剂','20170909',1),(14,14,14,'皮肤黏膜出血体征描述：有无关节痛、关节畸形、腹痛、血尿、鼻出血、牙\n龈出血、黑便、黄疸、贫血、发热、轻伤后出血不止。','具有清热解毒和抗病毒作用的中药亦可选用，有助于改善症状，缩短病程。小柴胡冲剂、板蓝根冲剂应用较为广泛。','除菌喷剂','20170909',2),(15,15,15,'上呼吸道感染简称上感，又称普通感冒。是包括鼻腔、咽或喉部急性炎症的总称。广义的上感不是一个疾病诊断，而是一组疾病，包括普通感冒、病毒性咽炎、喉炎、疱疹性咽峡炎、咽结膜热、细菌性咽-扁桃体炎。狭义的上感又称普通感冒，是最常见的急性呼吸道感染性疾病，多呈自限性，但发生率较高。成人每年发生2～4次，儿童发生率更高，每年6～8次。全年皆可发病，冬春季较多。','龋病治疗的目的在于终止病变过程，恢复牙齿的固有形态和功能。','西帕依固龈液','20180101',3),(16,16,16,'上呼吸道感染简称上感，又称普通感冒。是包括鼻腔、咽或喉部急性炎症的总称。广义的上感不是一个疾病诊断，而是一组疾病，包括普通感冒、病毒性咽炎、喉炎、疱疹性咽峡炎、咽结膜热、细菌性咽-扁桃体炎。狭义的上感又称普通感冒，是最常见的急性呼吸道感染性疾病，多呈自限性，但发生率较高。成人每年发生2～4次，儿童发生率更高，每年6～8次。全年皆可发病，冬春季较多。','具有清热解毒和抗病毒作用的中药亦可选用，有助于改善症状，缩短病程。小柴胡冲剂、板蓝根冲剂应用较为广泛。','除菌喷剂','20170909',1),(17,17,17,'龋病俗称虫牙、蛀牙，是细菌性疾病，可以继发牙髓炎和根尖周炎，甚至能引起牙槽骨和颌骨炎症。如不及时治疗，病变继续发展，形成龋洞，终至牙冠完全破坏消失，其发展的最终结果是牙齿丧失。龋病特点是发病率高，分布广。是口腔主要的常见病，也是人类最普遍的疾病之一，世界卫生组织已将其与肿瘤和心血管疾病并列为人类三大重点防治疾病。','具有清热解毒和抗病毒作用的中药亦可选用，有助于改善症状，缩短病程。小柴胡冲剂、板蓝根冲剂应用较为广泛。','除菌喷剂','20170909',2),(18,18,18,'发热症状描述：诱因，发热，最高体温，热型，持续时间，是否需药物干预，\n有无畏寒、寒战，有无皮疹，有无关节痛，有无午后潮热盗汗，有无体重明显减轻，有无口腔溃疡，有无脱发，有无咳嗽咳痰，有无解稀烂便。 ','龋病治疗的目的在于终止病变过程，恢复牙齿的固有形态和功能。','西帕依固龈液','20180101',3),(19,19,19,'发热体征描述：结膜充血、单纯疱疹、淋巴结肿大、肝脾肿大、出血、关节\n肿痛、皮疹、昏迷。','具有清热解毒和抗病毒作用的中药亦可选用，有助于改善症状，缩短病程。小柴胡冲剂、板蓝根冲剂应用较为广泛。','除菌喷剂','20170909',1),(20,12,20,'水肿体征描述：HR，R，甲状腺体征，有无发绀、黄疸、肝颈静脉回流征，\n心界、肝肿大、心跳缓慢，双下肢对称性轻/中/重度凹陷性浮肿。','具有清热解毒和抗病毒作用的中药亦可选用，有助于改善症状，缩短病程。小柴胡冲剂、板蓝根冲剂应用较为广泛。','除菌喷剂','20170909',2),(21,13,21,'血尿体征描述：肾区叩痛、水肿、肾肿块、皮肤黏膜及其他部位出血。','龋病治疗的目的在于终止病变过程，恢复牙齿的固有形态和功能。','西帕依固龈液','20180101',3),(22,14,22,'由于过度疲劳、精神紧张、姿势不良等原因引起颅顶肌、颞肌和颈肌持续收缩而产生的慢性头痛。','具有清热解毒和抗病毒作用的中药亦可选用，有助于改善症状，缩短病程。小柴胡冲剂、板蓝根冲剂应用较为广泛。','除菌喷剂','20170909',1),(23,15,23,'血尿体征描述：肾区叩痛、水肿、肾肿块、皮肤黏膜及其他部位出血。','具有清热解毒和抗病毒作用的中药亦可选用，有助于改善症状，缩短病程。小柴胡冲剂、板蓝根冲剂应用较为广泛。','除菌喷剂','20170909',2),(24,16,24,'血尿体征描述：肾区叩痛、水肿、肾肿块、皮肤黏膜及其他部位出血。','具有清热解毒和抗病毒作用的中药亦可选用，有助于改善症状，缩短病程。小柴胡冲剂、板蓝根冲剂应用较为广泛。','除菌喷剂','20170909',1),(25,17,25,'血尿体征描述：肾区叩痛、水肿、肾肿块、皮肤黏膜及其他部位出血。','具有清热解毒和抗病毒作用的中药亦可选用，有助于改善症状，缩短病程。小柴胡冲剂、板蓝根冲剂应用较为广泛。','除菌喷剂','20170909',2),(26,10,26,'血尿体征描述：肾区叩痛、水肿、肾肿块、皮肤黏膜及其他部位出血。','龋病治疗的目的在于终止病变过程，恢复牙齿的固有形态和功能。','西帕依固龈液','20180101',3),(27,11,27,'血尿体征描述：肾区叩痛、水肿、肾肿块、皮肤黏膜及其他部位出血。','具有清热解毒和抗病毒作用的中药亦可选用，有助于改善症状，缩短病程。小柴胡冲剂、板蓝根冲剂应用较为广泛。','除菌喷剂','20170909',1);

/*Table structure for table `role` */

DROP TABLE IF EXISTS `role`;

CREATE TABLE `role` (
  `roleId` int(11) NOT NULL,
  `roletType` varchar(255) NOT NULL,
  `remark` varchar(255) NOT NULL
) ENGINE=MyISAM DEFAULT CHARSET=gbk;

/*Data for the table `role` */

insert  into `role`(`roleId`,`roletType`,`remark`) values (1,'医生','查看病例、预约对应患者信息'),(2,'患者','预约指定医生');

/*Table structure for table `user` */

DROP TABLE IF EXISTS `user`;

CREATE TABLE `user` (
  `uid` int(11) NOT NULL AUTO_INCREMENT,
  `uname` varchar(20) NOT NULL,
  `upassword` varchar(11) NOT NULL,
  `cardId` varchar(20) NOT NULL,
  PRIMARY KEY (`uid`)
) ENGINE=InnoDB AUTO_INCREMENT=22 DEFAULT CHARSET=utf8;

/*Data for the table `user` */

insert  into `user`(`uid`,`uname`,`upassword`,`cardId`) values (1,'张三','123456','123456789009876543'),(2,'王五','111111','430423188909085642'),(3,'芙蓉','111111','430423188909085645'),(4,'李四','123456','430423188909085649'),(5,'成玉婷','123456','430423188807081234'),(6,'兰子云','111111','431281199910035810'),(20,'赵六','123456','430423188909085647'),(21,'成玉婷','123456','43042319980201252X');

/*Table structure for table `vistortime` */

DROP TABLE IF EXISTS `vistortime`;

CREATE TABLE `vistortime` (
  `tid` int(11) NOT NULL AUTO_INCREMENT,
  `dateTime` varchar(20) NOT NULL,
  `mvistor` int(11) DEFAULT NULL,
  `mmoney` int(11) DEFAULT NULL,
  `avistor` int(11) DEFAULT NULL,
  `amoney` int(11) DEFAULT NULL,
  `gvistor` int(11) DEFAULT NULL,
  `gmoney` int(11) DEFAULT NULL,
  `address` varchar(50) DEFAULT NULL,
  `did` int(11) DEFAULT NULL,
  PRIMARY KEY (`tid`),
  KEY `FK_vistortime` (`did`),
  CONSTRAINT `FK_vistortime` FOREIGN KEY (`did`) REFERENCES `doctor` (`did`)
) ENGINE=InnoDB AUTO_INCREMENT=19 DEFAULT CHARSET=utf8;

/*Data for the table `vistortime` */

insert  into `vistortime`(`tid`,`dateTime`,`mvistor`,`mmoney`,`avistor`,`amoney`,`gvistor`,`gmoney`,`address`,`did`) values (1,'2018-09-10',20,200,13,150,3,280,'东院',1),(2,'2018-09-01',16,160,15,200,4,250,'东院',1),(3,'2018-09-10',10,200,14,180,NULL,NULL,'西院',2),(4,'2018-09-11',15,120,11,200,2,200,'西院',2),(5,'2018-09-12',13,100,12,120,3,260,'东院',2),(6,'2018-09-10',11,120,14,200,NULL,NULL,'西院',3),(7,'2018-09-11',5,200,10,180,2,200,'西院',3),(8,'2018-09-12',5,210,11,160,5,200,'东院',3),(9,'2018-09-10',4,200,16,100,6,200,'西院',4),(10,'2018-09-11',10,100,12,150,2,210,'西院',4),(11,'2018-09-10',13,120,14,160,NULL,NULL,'东院',5),(12,'2018-09-10',12,100,13,150,4,200,'东院',6),(13,'2018-09-10',11,123,11,123,3,200,'东院',7),(14,'2018-09-11',12,124,2,100,4,200,'东院',7),(15,'2018-09-10',2,200,13,200,NULL,NULL,'东院',8),(16,'2018-09-11',12,100,12,125,3,200,'东院',8),(17,'2018-09-10',10,150,10,120,2,200,'东院',9),(18,'2018-09-11',11,130,12,140,NULL,NULL,NULL,NULL);

/*!40101 SET SQL_MODE=@OLD_SQL_MODE */;
/*!40014 SET FOREIGN_KEY_CHECKS=@OLD_FOREIGN_KEY_CHECKS */;
/*!40014 SET UNIQUE_CHECKS=@OLD_UNIQUE_CHECKS */;
/*!40111 SET SQL_NOTES=@OLD_SQL_NOTES */;
